packing_details_id,warehouse_id,is_active,created_at,updated_at
95,WH01,True,2024-01-01 00:00:00,2024-01-01 00:00:00
95,WH03,True,2024-01-01 00:00:00,2024-01-01 00:00:00
95,WH04,True,2024-01-01 00:00:00,2024-01-01 00:00:00
95,WH05,True,2024-01-01 00:00:00,2024-01-01 00:00:00
95,WH06,True,2024-01-01 00:00:00,2024-01-01 00:00:00
115,WH01,True,2024-01-01 00:00:00,2024-01-01 00:00:00
115,WH03,True,2024-01-01 00:00:00,2024-01-01 00:00:00
115,WH04,True,2024-01-01 00:00:00,2024-01-01 00:00:00
115,WH05,True,2024-01-01 00:00:00,2024-01-01 00:00:00
115,WH06,True,2024-01-01 00:00:00,2024-01-01 00:00:00
222,WH01,True,2024-01-01 00:00:00,2024-01-01 00:00:00
222,WH03,True,2024-01-01 00:00:00,2024-01-01 00:00:00
222,WH04,True,2024-01-01 00:00:00,2024-01-01 00:00:00
222,WH05,True,2024-01-01 00:00:00,2024-01-01 00:00:00
222,WH06,True,2024-01-01 00:00:00,2024-01-01 00:00:00
254,WH01,True,2024-01-01 00:00:00,2024-01-01 00:00:00
254,WH03,True,2024-01-01 00:00:00,2024-01-01 00:00:00
254,WH04,True,2024-01-01 00:00:00,2024-01-01 00:00:00
254,WH05,True,2024-01-01 00:00:00,2024-01-01 00:00:00
254,WH06,True,2024-01-01 00:00:00,2024-01-01 00:00:00
302,WH01,True,2024-01-01 00:00:00,2024-01-01 00:00:00
302,WH03,True,2024-01-01 00:00:00,2024-01-01 00:00:00
302,WH04,True,2024-01-01 00:00:00,2024-01-01 00:00:00
302,WH05,True,2024-01-01 00:00:00,2024-01-01 00:00:00
302,WH06,True,2024-01-01 00:00:00,2024-01-01 00:00:00
396,WH01,True,2024-01-01 00:00:00,2024-01-01 00:00:00
396,WH03,True,2024-01-01 00:00:00,2024-01-01 00:00:00
396,WH04,True,2024-01-01 00:00:00,2024-01-01 00:00:00
396,WH05,True,2024-01-01 00:00:00,2024-01-01 00:00:00
396,WH06,True,2024-01-01 00:00:00,2024-01-01 00:00:00
694,WH01,True,2024-01-01 00:00:00,2024-01-01 00:00:00
694,WH03,True,2024-01-01 00:00:00,2024-01-01 00:00:00
694,WH04,True,2024-01-01 00:00:00,2024-01-01 00:00:00
694,WH05,True,2024-01-01 00:00:00,2024-01-01 00:00:00
694,WH06,True,2024-01-01 00:00:00,2024-01-01 00:00:00
741,WH01,True,2024-01-01 00:00:00,2024-01-01 00:00:00
741,WH03,True,2024-01-01 00:00:00,2024-01-01 00:00:00
741,WH04,True,2024-01-01 00:00:00,2024-01-01 00:00:00
741,WH05,True,2024-01-01 00:00:00,2024-01-01 00:00:00
741,WH06,True,2024-01-01 00:00:00,2024-01-01 00:00:00
1055,WH01,True,2024-01-01 00:00:00,2024-01-01 00:00:00
1055,WH03,True,2024-01-01 00:00:00,2024-01-01 00:00:00
1055,WH04,True,2024-01-01 00:00:00,2024-01-01 00:00:00
1055,WH05,True,2024-01-01 00:00:00,2024-01-01 00:00:00
1055,WH06,True,2024-01-01 00:00:00,2024-01-01 00:00:00
1087,WH01,True,2024-01-01 00:00:00,2024-01-01 00:00:00
1087,WH03,True,2024-01-01 00:00:00,2024-01-01 00:00:00
1087,WH04,True,2024-01-01 00:00:00,2024-01-01 00:00:00
1087,WH05,True,2024-01-01 00:00:00,2024-01-01 00:00:00
1087,WH06,True,2024-01-01 00:00:00,2024-01-01 00:00:00
1296,WH01,True,2024-01-01 00:00:00,2024-01-01 00:00:00
1296,WH03,True,2024-01-01 00:00:00,2024-01-01 00:00:00
1296,WH04,True,2024-01-01 00:00:00,2024-01-01 00:00:00
1296,WH05,True,2024-01-01 00:00:00,2024-01-01 00:00:00
1296,WH06,True,2024-01-01 00:00:00,2024-01-01 00:00:00
1313,WH01,True,2024-01-01 00:00:00,2024-01-01 00:00:00
1313,WH03,True,2024-01-01 00:00:00,2024-01-01 00:00:00
1313,WH04,True,2024-01-01 00:00:00,2024-01-01 00:00:00
1313,WH05,True,2024-01-01 00:00:00,2024-01-01 00:00:00
1313,WH06,True,2024-01-01 00:00:00,2024-01-01 00:00:00
1390,WH01,True,2024-01-01 00:00:00,2024-01-01 00:00:00
1390,WH03,True,2024-01-01 00:00:00,2024-01-01 00:00:00
1390,WH04,True,2024-01-01 00:00:00,2024-01-01 00:00:00
1390,WH05,True,2024-01-01 00:00:00,2024-01-01 00:00:00
1390,WH06,True,2024-01-01 00:00:00,2024-01-01 00:00:00
1511,WH01,True,2024-01-01 00:00:00,2024-01-01 00:00:00
1511,WH03,True,2024-01-01 00:00:00,2024-01-01 00:00:00
1511,WH04,True,2024-01-01 00:00:00,2024-01-01 00:00:00
1511,WH05,True,2024-01-01 00:00:00,2024-01-01 00:00:00
1511,WH06,True,2024-01-01 00:00:00,2024-01-01 00:00:00
1521,WH01,True,2024-01-01 00:00:00,2024-01-01 00:00:00
1521,WH03,True,2024-01-01 00:00:00,2024-01-01 00:00:00
1521,WH04,True,2024-01-01 00:00:00,2024-01-01 00:00:00
1521,WH05,True,2024-01-01 00:00:00,2024-01-01 00:00:00
1521,WH06,True,2024-01-01 00:00:00,2024-01-01 00:00:00
1599,WH01,True,2024-01-01 00:00:00,2024-01-01 00:00:00
1599,WH03,True,2024-01-01 00:00:00,2024-01-01 00:00:00
1599,WH04,True,2024-01-01 00:00:00,2024-01-01 00:00:00
1599,WH05,True,2024-01-01 00:00:00,2024-01-01 00:00:00
1599,WH06,True,2024-01-01 00:00:00,2024-01-01 00:00:00
1969,WH01,True,2024-01-01 00:00:00,2024-01-01 00:00:00
1969,WH03,True,2024-01-01 00:00:00,2024-01-01 00:00:00
1969,WH04,True,2024-01-01 00:00:00,2024-01-01 00:00:00
1969,WH05,True,2024-01-01 00:00:00,2024-01-01 00:00:00
1969,WH06,True,2024-01-01 00:00:00,2024-01-01 00:00:00
1998,WH01,True,2024-01-01 00:00:00,2024-01-01 00:00:00
1998,WH03,True,2024-01-01 00:00:00,2024-01-01 00:00:00
1998,WH04,True,2024-01-01 00:00:00,2024-01-01 00:00:00
1998,WH05,True,2024-01-01 00:00:00,2024-01-01 00:00:00
1998,WH06,True,2024-01-01 00:00:00,2024-01-01 00:00:00
2002,WH01,True,2024-01-01 00:00:00,2024-01-01 00:00:00
2002,WH03,True,2024-01-01 00:00:00,2024-01-01 00:00:00
2002,WH04,True,2024-01-01 00:00:00,2024-01-01 00:00:00
2002,WH05,True,2024-01-01 00:00:00,2024-01-01 00:00:00
2002,WH06,True,2024-01-01 00:00:00,2024-01-01 00:00:00
2158,WH01,True,2024-01-01 00:00:00,2024-01-01 00:00:00
2158,WH03,True,2024-01-01 00:00:00,2024-01-01 00:00:00
2158,WH04,True,2024-01-01 00:00:00,2024-01-01 00:00:00
2158,WH05,True,2024-01-01 00:00:00,2024-01-01 00:00:00
2158,WH06,True,2024-01-01 00:00:00,2024-01-01 00:00:00
2189,WH01,True,2024-01-01 00:00:00,2024-01-01 00:00:00
2189,WH03,True,2024-01-01 00:00:00,2024-01-01 00:00:00
2189,WH04,True,2024-01-01 00:00:00,2024-01-01 00:00:00
2189,WH05,True,2024-01-01 00:00:00,2024-01-01 00:00:00
2189,WH06,True,2024-01-01 00:00:00,2024-01-01 00:00:00
2194,WH01,True,2024-01-01 00:00:00,2024-01-01 00:00:00
2194,WH03,True,2024-01-01 00:00:00,2024-01-01 00:00:00
2194,WH04,True,2024-01-01 00:00:00,2024-01-01 00:00:00
2194,WH05,True,2024-01-01 00:00:00,2024-01-01 00:00:00
2194,WH06,True,2024-01-01 00:00:00,2024-01-01 00:00:00
2195,WH01,True,2024-01-01 00:00:00,2024-01-01 00:00:00
2195,WH03,True,2024-01-01 00:00:00,2024-01-01 00:00:00
2195,WH04,True,2024-01-01 00:00:00,2024-01-01 00:00:00
2195,WH05,True,2024-01-01 00:00:00,2024-01-01 00:00:00
2195,WH06,True,2024-01-01 00:00:00,2024-01-01 00:00:00
2232,WH01,True,2024-01-01 00:00:00,2024-01-01 00:00:00
2232,WH03,True,2024-01-01 00:00:00,2024-01-01 00:00:00
2232,WH04,True,2024-01-01 00:00:00,2024-01-01 00:00:00
2232,WH05,True,2024-01-01 00:00:00,2024-01-01 00:00:00
2232,WH06,True,2024-01-01 00:00:00,2024-01-01 00:00:00
2237,WH01,True,2024-01-01 00:00:00,2024-01-01 00:00:00
2237,WH03,True,2024-01-01 00:00:00,2024-01-01 00:00:00
2237,WH04,True,2024-01-01 00:00:00,2024-01-01 00:00:00
2237,WH05,True,2024-01-01 00:00:00,2024-01-01 00:00:00
2237,WH06,True,2024-01-01 00:00:00,2024-01-01 00:00:00
119,WH01,True,2024-01-01 00:00:00,2024-01-01 00:00:00
119,WH03,True,2024-01-01 00:00:00,2024-01-01 00:00:00
119,WH04,True,2024-01-01 00:00:00,2024-01-01 00:00:00
119,WH05,True,2024-01-01 00:00:00,2024-01-01 00:00:00
119,WH06,True,2024-01-01 00:00:00,2024-01-01 00:00:00
120,WH01,True,2024-01-01 00:00:00,2024-01-01 00:00:00
120,WH03,True,2024-01-01 00:00:00,2024-01-01 00:00:00
120,WH04,True,2024-01-01 00:00:00,2024-01-01 00:00:00
120,WH05,True,2024-01-01 00:00:00,2024-01-01 00:00:00
120,WH06,True,2024-01-01 00:00:00,2024-01-01 00:00:00
165,WH01,True,2024-01-01 00:00:00,2024-01-01 00:00:00
165,WH03,True,2024-01-01 00:00:00,2024-01-01 00:00:00
165,WH04,True,2024-01-01 00:00:00,2024-01-01 00:00:00
165,WH05,True,2024-01-01 00:00:00,2024-01-01 00:00:00
165,WH06,True,2024-01-01 00:00:00,2024-01-01 00:00:00
178,WH01,True,2024-01-01 00:00:00,2024-01-01 00:00:00
178,WH03,True,2024-01-01 00:00:00,2024-01-01 00:00:00
178,WH04,True,2024-01-01 00:00:00,2024-01-01 00:00:00
178,WH05,True,2024-01-01 00:00:00,2024-01-01 00:00:00
178,WH06,True,2024-01-01 00:00:00,2024-01-01 00:00:00
235,WH01,True,2024-01-01 00:00:00,2024-01-01 00:00:00
235,WH03,True,2024-01-01 00:00:00,2024-01-01 00:00:00
235,WH04,True,2024-01-01 00:00:00,2024-01-01 00:00:00
235,WH05,True,2024-01-01 00:00:00,2024-01-01 00:00:00
235,WH06,True,2024-01-01 00:00:00,2024-01-01 00:00:00
289,WH01,True,2024-01-01 00:00:00,2024-01-01 00:00:00
289,WH03,True,2024-01-01 00:00:00,2024-01-01 00:00:00
289,WH04,True,2024-01-01 00:00:00,2024-01-01 00:00:00
289,WH05,True,2024-01-01 00:00:00,2024-01-01 00:00:00
289,WH06,True,2024-01-01 00:00:00,2024-01-01 00:00:00
477,WH01,True,2024-01-01 00:00:00,2024-01-01 00:00:00
477,WH03,True,2024-01-01 00:00:00,2024-01-01 00:00:00
477,WH04,True,2024-01-01 00:00:00,2024-01-01 00:00:00
477,WH05,True,2024-01-01 00:00:00,2024-01-01 00:00:00
477,WH06,True,2024-01-01 00:00:00,2024-01-01 00:00:00
549,WH01,True,2024-01-01 00:00:00,2024-01-01 00:00:00
549,WH03,True,2024-01-01 00:00:00,2024-01-01 00:00:00
549,WH04,True,2024-01-01 00:00:00,2024-01-01 00:00:00
549,WH05,True,2024-01-01 00:00:00,2024-01-01 00:00:00
549,WH06,True,2024-01-01 00:00:00,2024-01-01 00:00:00
839,WH01,True,2024-01-01 00:00:00,2024-01-01 00:00:00
839,WH03,True,2024-01-01 00:00:00,2024-01-01 00:00:00
839,WH04,True,2024-01-01 00:00:00,2024-01-01 00:00:00
839,WH05,True,2024-01-01 00:00:00,2024-01-01 00:00:00
839,WH06,True,2024-01-01 00:00:00,2024-01-01 00:00:00
852,WH01,True,2024-01-01 00:00:00,2024-01-01 00:00:00
852,WH03,True,2024-01-01 00:00:00,2024-01-01 00:00:00
852,WH04,True,2024-01-01 00:00:00,2024-01-01 00:00:00
852,WH05,True,2024-01-01 00:00:00,2024-01-01 00:00:00
852,WH06,True,2024-01-01 00:00:00,2024-01-01 00:00:00
927,WH01,True,2024-01-01 00:00:00,2024-01-01 00:00:00
927,WH03,True,2024-01-01 00:00:00,2024-01-01 00:00:00
927,WH04,True,2024-01-01 00:00:00,2024-01-01 00:00:00
927,WH05,True,2024-01-01 00:00:00,2024-01-01 00:00:00
927,WH06,True,2024-01-01 00:00:00,2024-01-01 00:00:00
1001,WH01,True,2024-01-01 00:00:00,2024-01-01 00:00:00
1001,WH03,True,2024-01-01 00:00:00,2024-01-01 00:00:00
1001,WH04,True,2024-01-01 00:00:00,2024-01-01 00:00:00
1001,WH05,True,2024-01-01 00:00:00,2024-01-01 00:00:00
1001,WH06,True,2024-01-01 00:00:00,2024-01-01 00:00:00
1109,WH01,True,2024-01-01 00:00:00,2024-01-01 00:00:00
1109,WH03,True,2024-01-01 00:00:00,2024-01-01 00:00:00
1109,WH04,True,2024-01-01 00:00:00,2024-01-01 00:00:00
1109,WH05,True,2024-01-01 00:00:00,2024-01-01 00:00:00
1109,WH06,True,2024-01-01 00:00:00,2024-01-01 00:00:00
1225,WH01,True,2024-01-01 00:00:00,2024-01-01 00:00:00
1225,WH03,True,2024-01-01 00:00:00,2024-01-01 00:00:00
1225,WH04,True,2024-01-01 00:00:00,2024-01-01 00:00:00
1225,WH05,True,2024-01-01 00:00:00,2024-01-01 00:00:00
1225,WH06,True,2024-01-01 00:00:00,2024-01-01 00:00:00
1235,WH01,True,2024-01-01 00:00:00,2024-01-01 00:00:00
1235,WH03,True,2024-01-01 00:00:00,2024-01-01 00:00:00
1235,WH04,True,2024-01-01 00:00:00,2024-01-01 00:00:00
1235,WH05,True,2024-01-01 00:00:00,2024-01-01 00:00:00
1235,WH06,True,2024-01-01 00:00:00,2024-01-01 00:00:00
1318,WH01,True,2024-01-01 00:00:00,2024-01-01 00:00:00
1318,WH03,True,2024-01-01 00:00:00,2024-01-01 00:00:00
1318,WH04,True,2024-01-01 00:00:00,2024-01-01 00:00:00
1318,WH05,True,2024-01-01 00:00:00,2024-01-01 00:00:00
1318,WH06,True,2024-01-01 00:00:00,2024-01-01 00:00:00
1598,WH01,True,2024-01-01 00:00:00,2024-01-01 00:00:00
1598,WH03,True,2024-01-01 00:00:00,2024-01-01 00:00:00
1598,WH04,True,2024-01-01 00:00:00,2024-01-01 00:00:00
1598,WH05,True,2024-01-01 00:00:00,2024-01-01 00:00:00
1598,WH06,True,2024-01-01 00:00:00,2024-01-01 00:00:00
1797,WH01,True,2024-01-01 00:00:00,2024-01-01 00:00:00
1797,WH03,True,2024-01-01 00:00:00,2024-01-01 00:00:00
1797,WH04,True,2024-01-01 00:00:00,2024-01-01 00:00:00
1797,WH05,True,2024-01-01 00:00:00,2024-01-01 00:00:00
1797,WH06,True,2024-01-01 00:00:00,2024-01-01 00:00:00
1808,WH01,True,2024-01-01 00:00:00,2024-01-01 00:00:00
1808,WH03,True,2024-01-01 00:00:00,2024-01-01 00:00:00
1808,WH04,True,2024-01-01 00:00:00,2024-01-01 00:00:00
1808,WH05,True,2024-01-01 00:00:00,2024-01-01 00:00:00
1808,WH06,True,2024-01-01 00:00:00,2024-01-01 00:00:00
1968,WH01,True,2024-01-01 00:00:00,2024-01-01 00:00:00
1968,WH03,True,2024-01-01 00:00:00,2024-01-01 00:00:00
1968,WH04,True,2024-01-01 00:00:00,2024-01-01 00:00:00
1968,WH05,True,2024-01-01 00:00:00,2024-01-01 00:00:00
1968,WH06,True,2024-01-01 00:00:00,2024-01-01 00:00:00
2113,WH01,True,2024-01-01 00:00:00,2024-01-01 00:00:00
2113,WH03,True,2024-01-01 00:00:00,2024-01-01 00:00:00
2113,WH04,True,2024-01-01 00:00:00,2024-01-01 00:00:00
2113,WH05,True,2024-01-01 00:00:00,2024-01-01 00:00:00
2113,WH06,True,2024-01-01 00:00:00,2024-01-01 00:00:00
2156,WH01,True,2024-01-01 00:00:00,2024-01-01 00:00:00
2156,WH03,True,2024-01-01 00:00:00,2024-01-01 00:00:00
2156,WH04,True,2024-01-01 00:00:00,2024-01-01 00:00:00
2156,WH05,True,2024-01-01 00:00:00,2024-01-01 00:00:00
2156,WH06,True,2024-01-01 00:00:00,2024-01-01 00:00:00
2157,WH01,True,2024-01-01 00:00:00,2024-01-01 00:00:00
2157,WH03,True,2024-01-01 00:00:00,2024-01-01 00:00:00
2157,WH04,True,2024-01-01 00:00:00,2024-01-01 00:00:00
2157,WH05,True,2024-01-01 00:00:00,2024-01-01 00:00:00
2157,WH06,True,2024-01-01 00:00:00,2024-01-01 00:00:00
2159,WH01,True,2024-01-01 00:00:00,2024-01-01 00:00:00
2159,WH03,True,2024-01-01 00:00:00,2024-01-01 00:00:00
2159,WH04,True,2024-01-01 00:00:00,2024-01-01 00:00:00
2159,WH05,True,2024-01-01 00:00:00,2024-01-01 00:00:00
2159,WH06,True,2024-01-01 00:00:00,2024-01-01 00:00:00
2184,WH01,True,2024-01-01 00:00:00,2024-01-01 00:00:00
2184,WH03,True,2024-01-01 00:00:00,2024-01-01 00:00:00
2184,WH04,True,2024-01-01 00:00:00,2024-01-01 00:00:00
2184,WH05,True,2024-01-01 00:00:00,2024-01-01 00:00:00
2184,WH06,True,2024-01-01 00:00:00,2024-01-01 00:00:00
118,WH01,True,2024-01-01 00:00:00,2024-01-01 00:00:00
118,WH03,True,2024-01-01 00:00:00,2024-01-01 00:00:00
118,WH04,True,2024-01-01 00:00:00,2024-01-01 00:00:00
118,WH05,True,2024-01-01 00:00:00,2024-01-01 00:00:00
118,WH06,True,2024-01-01 00:00:00,2024-01-01 00:00:00
140,WH01,True,2024-01-01 00:00:00,2024-01-01 00:00:00
140,WH03,True,2024-01-01 00:00:00,2024-01-01 00:00:00
140,WH04,True,2024-01-01 00:00:00,2024-01-01 00:00:00
140,WH05,True,2024-01-01 00:00:00,2024-01-01 00:00:00
140,WH06,True,2024-01-01 00:00:00,2024-01-01 00:00:00
155,WH01,True,2024-01-01 00:00:00,2024-01-01 00:00:00
155,WH03,True,2024-01-01 00:00:00,2024-01-01 00:00:00
155,WH04,True,2024-01-01 00:00:00,2024-01-01 00:00:00
155,WH05,True,2024-01-01 00:00:00,2024-01-01 00:00:00
155,WH06,True,2024-01-01 00:00:00,2024-01-01 00:00:00
188,WH01,True,2024-01-01 00:00:00,2024-01-01 00:00:00
188,WH03,True,2024-01-01 00:00:00,2024-01-01 00:00:00
188,WH04,True,2024-01-01 00:00:00,2024-01-01 00:00:00
188,WH05,True,2024-01-01 00:00:00,2024-01-01 00:00:00
188,WH06,True,2024-01-01 00:00:00,2024-01-01 00:00:00
231,WH01,True,2024-01-01 00:00:00,2024-01-01 00:00:00
231,WH03,True,2024-01-01 00:00:00,2024-01-01 00:00:00
231,WH04,True,2024-01-01 00:00:00,2024-01-01 00:00:00
231,WH05,True,2024-01-01 00:00:00,2024-01-01 00:00:00
231,WH06,True,2024-01-01 00:00:00,2024-01-01 00:00:00
281,WH01,True,2024-01-01 00:00:00,2024-01-01 00:00:00
281,WH03,True,2024-01-01 00:00:00,2024-01-01 00:00:00
281,WH04,True,2024-01-01 00:00:00,2024-01-01 00:00:00
281,WH05,True,2024-01-01 00:00:00,2024-01-01 00:00:00
281,WH06,True,2024-01-01 00:00:00,2024-01-01 00:00:00
404,WH01,True,2024-01-01 00:00:00,2024-01-01 00:00:00
404,WH03,True,2024-01-01 00:00:00,2024-01-01 00:00:00
404,WH04,True,2024-01-01 00:00:00,2024-01-01 00:00:00
404,WH05,True,2024-01-01 00:00:00,2024-01-01 00:00:00
404,WH06,True,2024-01-01 00:00:00,2024-01-01 00:00:00
462,WH01,True,2024-01-01 00:00:00,2024-01-01 00:00:00
462,WH03,True,2024-01-01 00:00:00,2024-01-01 00:00:00
462,WH04,True,2024-01-01 00:00:00,2024-01-01 00:00:00
462,WH05,True,2024-01-01 00:00:00,2024-01-01 00:00:00
462,WH06,True,2024-01-01 00:00:00,2024-01-01 00:00:00
601,WH01,True,2024-01-01 00:00:00,2024-01-01 00:00:00
601,WH03,True,2024-01-01 00:00:00,2024-01-01 00:00:00
601,WH04,True,2024-01-01 00:00:00,2024-01-01 00:00:00
601,WH05,True,2024-01-01 00:00:00,2024-01-01 00:00:00
601,WH06,True,2024-01-01 00:00:00,2024-01-01 00:00:00
628,WH01,True,2024-01-01 00:00:00,2024-01-01 00:00:00
628,WH03,True,2024-01-01 00:00:00,2024-01-01 00:00:00
628,WH04,True,2024-01-01 00:00:00,2024-01-01 00:00:00
628,WH05,True,2024-01-01 00:00:00,2024-01-01 00:00:00
628,WH06,True,2024-01-01 00:00:00,2024-01-01 00:00:00
830,WH01,True,2024-01-01 00:00:00,2024-01-01 00:00:00
830,WH03,True,2024-01-01 00:00:00,2024-01-01 00:00:00
830,WH04,True,2024-01-01 00:00:00,2024-01-01 00:00:00
830,WH05,True,2024-01-01 00:00:00,2024-01-01 00:00:00
830,WH06,True,2024-01-01 00:00:00,2024-01-01 00:00:00
865,WH01,True,2024-01-01 00:00:00,2024-01-01 00:00:00
865,WH03,True,2024-01-01 00:00:00,2024-01-01 00:00:00
865,WH04,True,2024-01-01 00:00:00,2024-01-01 00:00:00
865,WH05,True,2024-01-01 00:00:00,2024-01-01 00:00:00
865,WH06,True,2024-01-01 00:00:00,2024-01-01 00:00:00
1038,WH01,True,2024-01-01 00:00:00,2024-01-01 00:00:00
1038,WH03,True,2024-01-01 00:00:00,2024-01-01 00:00:00
1038,WH04,True,2024-01-01 00:00:00,2024-01-01 00:00:00
1038,WH05,True,2024-01-01 00:00:00,2024-01-01 00:00:00
1038,WH06,True,2024-01-01 00:00:00,2024-01-01 00:00:00
1172,WH01,True,2024-01-01 00:00:00,2024-01-01 00:00:00
1172,WH03,True,2024-01-01 00:00:00,2024-01-01 00:00:00
1172,WH04,True,2024-01-01 00:00:00,2024-01-01 00:00:00
1172,WH05,True,2024-01-01 00:00:00,2024-01-01 00:00:00
1172,WH06,True,2024-01-01 00:00:00,2024-01-01 00:00:00
1193,WH01,True,2024-01-01 00:00:00,2024-01-01 00:00:00
1193,WH03,True,2024-01-01 00:00:00,2024-01-01 00:00:00
1193,WH04,True,2024-01-01 00:00:00,2024-01-01 00:00:00
1193,WH05,True,2024-01-01 00:00:00,2024-01-01 00:00:00
1193,WH06,True,2024-01-01 00:00:00,2024-01-01 00:00:00
1639,WH01,True,2024-01-01 00:00:00,2024-01-01 00:00:00
1639,WH03,True,2024-01-01 00:00:00,2024-01-01 00:00:00
1639,WH04,True,2024-01-01 00:00:00,2024-01-01 00:00:00
1639,WH05,True,2024-01-01 00:00:00,2024-01-01 00:00:00
1639,WH06,True,2024-01-01 00:00:00,2024-01-01 00:00:00
1918,WH01,True,2024-01-01 00:00:00,2024-01-01 00:00:00
1918,WH03,True,2024-01-01 00:00:00,2024-01-01 00:00:00
1918,WH04,True,2024-01-01 00:00:00,2024-01-01 00:00:00
1918,WH05,True,2024-01-01 00:00:00,2024-01-01 00:00:00
1918,WH06,True,2024-01-01 00:00:00,2024-01-01 00:00:00
1947,WH01,True,2024-01-01 00:00:00,2024-01-01 00:00:00
1947,WH03,True,2024-01-01 00:00:00,2024-01-01 00:00:00
1947,WH04,True,2024-01-01 00:00:00,2024-01-01 00:00:00
1947,WH05,True,2024-01-01 00:00:00,2024-01-01 00:00:00
1947,WH06,True,2024-01-01 00:00:00,2024-01-01 00:00:00
1961,WH01,True,2024-01-01 00:00:00,2024-01-01 00:00:00
1961,WH03,True,2024-01-01 00:00:00,2024-01-01 00:00:00
1961,WH04,True,2024-01-01 00:00:00,2024-01-01 00:00:00
1961,WH05,True,2024-01-01 00:00:00,2024-01-01 00:00:00
1961,WH06,True,2024-01-01 00:00:00,2024-01-01 00:00:00
1971,WH01,True,2024-01-01 00:00:00,2024-01-01 00:00:00
1971,WH03,True,2024-01-01 00:00:00,2024-01-01 00:00:00
1971,WH04,True,2024-01-01 00:00:00,2024-01-01 00:00:00
1971,WH05,True,2024-01-01 00:00:00,2024-01-01 00:00:00
1971,WH06,True,2024-01-01 00:00:00,2024-01-01 00:00:00
2086,WH01,True,2024-01-01 00:00:00,2024-01-01 00:00:00
2086,WH03,True,2024-01-01 00:00:00,2024-01-01 00:00:00
2086,WH04,True,2024-01-01 00:00:00,2024-01-01 00:00:00
2086,WH05,True,2024-01-01 00:00:00,2024-01-01 00:00:00
2086,WH06,True,2024-01-01 00:00:00,2024-01-01 00:00:00
2091,WH01,True,2024-01-01 00:00:00,2024-01-01 00:00:00
2091,WH03,True,2024-01-01 00:00:00,2024-01-01 00:00:00
2091,WH04,True,2024-01-01 00:00:00,2024-01-01 00:00:00
2091,WH05,True,2024-01-01 00:00:00,2024-01-01 00:00:00
2091,WH06,True,2024-01-01 00:00:00,2024-01-01 00:00:00
2093,WH01,True,2024-01-01 00:00:00,2024-01-01 00:00:00
2093,WH03,True,2024-01-01 00:00:00,2024-01-01 00:00:00
2093,WH04,True,2024-01-01 00:00:00,2024-01-01 00:00:00
2093,WH05,True,2024-01-01 00:00:00,2024-01-01 00:00:00
2093,WH06,True,2024-01-01 00:00:00,2024-01-01 00:00:00
2097,WH01,True,2024-01-01 00:00:00,2024-01-01 00:00:00
2097,WH03,True,2024-01-01 00:00:00,2024-01-01 00:00:00
2097,WH04,True,2024-01-01 00:00:00,2024-01-01 00:00:00
2097,WH05,True,2024-01-01 00:00:00,2024-01-01 00:00:00
2097,WH06,True,2024-01-01 00:00:00,2024-01-01 00:00:00
2108,WH01,True,2024-01-01 00:00:00,2024-01-01 00:00:00
2108,WH03,True,2024-01-01 00:00:00,2024-01-01 00:00:00
2108,WH04,True,2024-01-01 00:00:00,2024-01-01 00:00:00
2108,WH05,True,2024-01-01 00:00:00,2024-01-01 00:00:00
2108,WH06,True,2024-01-01 00:00:00,2024-01-01 00:00:00
179,WH01,True,2024-01-01 00:00:00,2024-01-01 00:00:00
179,WH03,True,2024-01-01 00:00:00,2024-01-01 00:00:00
179,WH04,True,2024-01-01 00:00:00,2024-01-01 00:00:00
179,WH05,True,2024-01-01 00:00:00,2024-01-01 00:00:00
179,WH06,True,2024-01-01 00:00:00,2024-01-01 00:00:00
183,WH01,True,2024-01-01 00:00:00,2024-01-01 00:00:00
183,WH03,True,2024-01-01 00:00:00,2024-01-01 00:00:00
183,WH04,True,2024-01-01 00:00:00,2024-01-01 00:00:00
183,WH05,True,2024-01-01 00:00:00,2024-01-01 00:00:00
183,WH06,True,2024-01-01 00:00:00,2024-01-01 00:00:00
264,WH01,True,2024-01-01 00:00:00,2024-01-01 00:00:00
264,WH03,True,2024-01-01 00:00:00,2024-01-01 00:00:00
264,WH04,True,2024-01-01 00:00:00,2024-01-01 00:00:00
264,WH05,True,2024-01-01 00:00:00,2024-01-01 00:00:00
264,WH06,True,2024-01-01 00:00:00,2024-01-01 00:00:00
296,WH01,True,2024-01-01 00:00:00,2024-01-01 00:00:00
296,WH03,True,2024-01-01 00:00:00,2024-01-01 00:00:00
296,WH04,True,2024-01-01 00:00:00,2024-01-01 00:00:00
296,WH05,True,2024-01-01 00:00:00,2024-01-01 00:00:00
296,WH06,True,2024-01-01 00:00:00,2024-01-01 00:00:00
341,WH01,True,2024-01-01 00:00:00,2024-01-01 00:00:00
341,WH03,True,2024-01-01 00:00:00,2024-01-01 00:00:00
341,WH04,True,2024-01-01 00:00:00,2024-01-01 00:00:00
341,WH05,True,2024-01-01 00:00:00,2024-01-01 00:00:00
341,WH06,True,2024-01-01 00:00:00,2024-01-01 00:00:00
416,WH01,True,2024-01-01 00:00:00,2024-01-01 00:00:00
416,WH03,True,2024-01-01 00:00:00,2024-01-01 00:00:00
416,WH04,True,2024-01-01 00:00:00,2024-01-01 00:00:00
416,WH05,True,2024-01-01 00:00:00,2024-01-01 00:00:00
416,WH06,True,2024-01-01 00:00:00,2024-01-01 00:00:00
519,WH01,True,2024-01-01 00:00:00,2024-01-01 00:00:00
519,WH03,True,2024-01-01 00:00:00,2024-01-01 00:00:00
519,WH04,True,2024-01-01 00:00:00,2024-01-01 00:00:00
519,WH05,True,2024-01-01 00:00:00,2024-01-01 00:00:00
519,WH06,True,2024-01-01 00:00:00,2024-01-01 00:00:00
652,WH01,True,2024-01-01 00:00:00,2024-01-01 00:00:00
652,WH03,True,2024-01-01 00:00:00,2024-01-01 00:00:00
652,WH04,True,2024-01-01 00:00:00,2024-01-01 00:00:00
652,WH05,True,2024-01-01 00:00:00,2024-01-01 00:00:00
652,WH06,True,2024-01-01 00:00:00,2024-01-01 00:00:00
818,WH01,True,2024-01-01 00:00:00,2024-01-01 00:00:00
818,WH03,True,2024-01-01 00:00:00,2024-01-01 00:00:00
818,WH04,True,2024-01-01 00:00:00,2024-01-01 00:00:00
818,WH05,True,2024-01-01 00:00:00,2024-01-01 00:00:00
818,WH06,True,2024-01-01 00:00:00,2024-01-01 00:00:00
825,WH01,True,2024-01-01 00:00:00,2024-01-01 00:00:00
825,WH03,True,2024-01-01 00:00:00,2024-01-01 00:00:00
825,WH04,True,2024-01-01 00:00:00,2024-01-01 00:00:00
825,WH05,True,2024-01-01 00:00:00,2024-01-01 00:00:00
825,WH06,True,2024-01-01 00:00:00,2024-01-01 00:00:00
900,WH01,True,2024-01-01 00:00:00,2024-01-01 00:00:00
900,WH03,True,2024-01-01 00:00:00,2024-01-01 00:00:00
900,WH04,True,2024-01-01 00:00:00,2024-01-01 00:00:00
900,WH05,True,2024-01-01 00:00:00,2024-01-01 00:00:00
900,WH06,True,2024-01-01 00:00:00,2024-01-01 00:00:00
905,WH01,True,2024-01-01 00:00:00,2024-01-01 00:00:00
905,WH03,True,2024-01-01 00:00:00,2024-01-01 00:00:00
905,WH04,True,2024-01-01 00:00:00,2024-01-01 00:00:00
905,WH05,True,2024-01-01 00:00:00,2024-01-01 00:00:00
905,WH06,True,2024-01-01 00:00:00,2024-01-01 00:00:00
968,WH01,True,2024-01-01 00:00:00,2024-01-01 00:00:00
968,WH03,True,2024-01-01 00:00:00,2024-01-01 00:00:00
968,WH04,True,2024-01-01 00:00:00,2024-01-01 00:00:00
968,WH05,True,2024-01-01 00:00:00,2024-01-01 00:00:00
968,WH06,True,2024-01-01 00:00:00,2024-01-01 00:00:00
1168,WH01,True,2024-01-01 00:00:00,2024-01-01 00:00:00
1168,WH03,True,2024-01-01 00:00:00,2024-01-01 00:00:00
1168,WH04,True,2024-01-01 00:00:00,2024-01-01 00:00:00
1168,WH05,True,2024-01-01 00:00:00,2024-01-01 00:00:00
1168,WH06,True,2024-01-01 00:00:00,2024-01-01 00:00:00
1192,WH01,True,2024-01-01 00:00:00,2024-01-01 00:00:00
1192,WH03,True,2024-01-01 00:00:00,2024-01-01 00:00:00
1192,WH04,True,2024-01-01 00:00:00,2024-01-01 00:00:00
1192,WH05,True,2024-01-01 00:00:00,2024-01-01 00:00:00
1192,WH06,True,2024-01-01 00:00:00,2024-01-01 00:00:00
1254,WH01,True,2024-01-01 00:00:00,2024-01-01 00:00:00
1254,WH03,True,2024-01-01 00:00:00,2024-01-01 00:00:00
1254,WH04,True,2024-01-01 00:00:00,2024-01-01 00:00:00
1254,WH05,True,2024-01-01 00:00:00,2024-01-01 00:00:00
1254,WH06,True,2024-01-01 00:00:00,2024-01-01 00:00:00
1640,WH01,True,2024-01-01 00:00:00,2024-01-01 00:00:00
1640,WH03,True,2024-01-01 00:00:00,2024-01-01 00:00:00
1640,WH04,True,2024-01-01 00:00:00,2024-01-01 00:00:00
1640,WH05,True,2024-01-01 00:00:00,2024-01-01 00:00:00
1640,WH06,True,2024-01-01 00:00:00,2024-01-01 00:00:00
1866,WH01,True,2024-01-01 00:00:00,2024-01-01 00:00:00
1866,WH03,True,2024-01-01 00:00:00,2024-01-01 00:00:00
1866,WH04,True,2024-01-01 00:00:00,2024-01-01 00:00:00
1866,WH05,True,2024-01-01 00:00:00,2024-01-01 00:00:00
1866,WH06,True,2024-01-01 00:00:00,2024-01-01 00:00:00
1869,WH01,True,2024-01-01 00:00:00,2024-01-01 00:00:00
1869,WH03,True,2024-01-01 00:00:00,2024-01-01 00:00:00
1869,WH04,True,2024-01-01 00:00:00,2024-01-01 00:00:00
1869,WH05,True,2024-01-01 00:00:00,2024-01-01 00:00:00
1869,WH06,True,2024-01-01 00:00:00,2024-01-01 00:00:00
1924,WH01,True,2024-01-01 00:00:00,2024-01-01 00:00:00
1924,WH03,True,2024-01-01 00:00:00,2024-01-01 00:00:00
1924,WH04,True,2024-01-01 00:00:00,2024-01-01 00:00:00
1924,WH05,True,2024-01-01 00:00:00,2024-01-01 00:00:00
1924,WH06,True,2024-01-01 00:00:00,2024-01-01 00:00:00
2028,WH01,True,2024-01-01 00:00:00,2024-01-01 00:00:00
2028,WH03,True,2024-01-01 00:00:00,2024-01-01 00:00:00
2028,WH04,True,2024-01-01 00:00:00,2024-01-01 00:00:00
2028,WH05,True,2024-01-01 00:00:00,2024-01-01 00:00:00
2028,WH06,True,2024-01-01 00:00:00,2024-01-01 00:00:00
2044,WH01,True,2024-01-01 00:00:00,2024-01-01 00:00:00
2044,WH03,True,2024-01-01 00:00:00,2024-01-01 00:00:00
2044,WH04,True,2024-01-01 00:00:00,2024-01-01 00:00:00
2044,WH05,True,2024-01-01 00:00:00,2024-01-01 00:00:00
2044,WH06,True,2024-01-01 00:00:00,2024-01-01 00:00:00
2088,WH01,True,2024-01-01 00:00:00,2024-01-01 00:00:00
2088,WH03,True,2024-01-01 00:00:00,2024-01-01 00:00:00
2088,WH04,True,2024-01-01 00:00:00,2024-01-01 00:00:00
2088,WH05,True,2024-01-01 00:00:00,2024-01-01 00:00:00
2088,WH06,True,2024-01-01 00:00:00,2024-01-01 00:00:00
2094,WH01,True,2024-01-01 00:00:00,2024-01-01 00:00:00
2094,WH03,True,2024-01-01 00:00:00,2024-01-01 00:00:00
2094,WH04,True,2024-01-01 00:00:00,2024-01-01 00:00:00
2094,WH05,True,2024-01-01 00:00:00,2024-01-01 00:00:00
2094,WH06,True,2024-01-01 00:00:00,2024-01-01 00:00:00
2096,WH01,True,2024-01-01 00:00:00,2024-01-01 00:00:00
2096,WH03,True,2024-01-01 00:00:00,2024-01-01 00:00:00
2096,WH04,True,2024-01-01 00:00:00,2024-01-01 00:00:00
2096,WH05,True,2024-01-01 00:00:00,2024-01-01 00:00:00
2096,WH06,True,2024-01-01 00:00:00,2024-01-01 00:00:00
