product_id,box_id,pack_multiple,created_at
P0001,BOX-04,4,2024-01-01 00:00:00
P0002,BOX-02,2,2024-01-01 00:00:00
P0003,BOX-02,2,2024-01-01 00:00:00
P0004,BOX-02,2,2024-01-01 00:00:00
P0005,BOX-02,2,2024-01-01 00:00:00
P0006,BOX-02,2,2024-01-01 00:00:00
P0007,BOX-02,2,2024-01-01 00:00:00
P0008,BOX-03,3,2024-01-01 00:00:00
P0009,BOX-02,2,2024-01-01 00:00:00
P0010,BOX-02,2,2024-01-01 00:00:00
P0011,BOX-02,2,2024-01-01 00:00:00
P0012,BOX-04,4,2024-01-01 00:00:00
P0013,BOX-04,4,2024-01-01 00:00:00
P0014,BOX-04,4,2024-01-01 00:00:00
P0015,BOX-04,4,2024-01-01 00:00:00
P0016,BOX-06,6,2024-01-01 00:00:00
P0017,BOX-06,6,2024-01-01 00:00:00
P0018,BOX-06,6,2024-01-01 00:00:00
P0019,BOX-11,12,2024-01-01 00:00:00
P0020,BOX-11,12,2024-01-01 00:00:00
P0021,BOX-11,12,2024-01-01 00:00:00
P0022,BOX-04,4,2024-01-01 00:00:00
P0023,BOX-04,4,2024-01-01 00:00:00
P0024,BOX-04,4,2024-01-01 00:00:00
P0025,BOX-04,4,2024-01-01 00:00:00
P0026,BOX-04,4,2024-01-01 00:00:00
P0027,BOX-06,6,2024-01-01 00:00:00
P0028,BOX-04,4,2024-01-01 00:00:00
P0029,BOX-04,4,2024-01-01 00:00:00
P0030,BOX-03,3,2024-01-01 00:00:00
P0031,BOX-04,4,2024-01-01 00:00:00
P0032,BOX-04,4,2024-01-01 00:00:00
P0033,BOX-04,4,2024-01-01 00:00:00
P0034,BOX-04,4,2024-01-01 00:00:00
P0035,BOX-04,4,2024-01-01 00:00:00
P0036,BOX-04,4,2024-01-01 00:00:00
P0037,BOX-04,4,2024-01-01 00:00:00
P0038,BOX-04,4,2024-01-01 00:00:00
P0039,BOX-04,4,2024-01-01 00:00:00
P0040,BOX-06,6,2024-01-01 00:00:00
P0041,BOX-04,4,2024-01-01 00:00:00
P0042,BOX-04,4,2024-01-01 00:00:00
P0043,BOX-04,4,2024-01-01 00:00:00
P0044,BOX-04,4,2024-01-01 00:00:00
P0045,BOX-04,4,2024-01-01 00:00:00
P0046,BOX-04,4,2024-01-01 00:00:00
P0047,BOX-04,4,2024-01-01 00:00:00
P0048,BOX-04,4,2024-01-01 00:00:00
P0049,BOX-04,4,2024-01-01 00:00:00
P0050,BOX-04,4,2024-01-01 00:00:00
P0051,BOX-06,6,2024-01-01 00:00:00
P0052,BOX-04,4,2024-01-01 00:00:00
P0053,BOX-03,3,2024-01-01 00:00:00
P0054,BOX-02,2,2024-01-01 00:00:00
P0055,BOX-06,6,2024-01-01 00:00:00
P0056,BOX-04,4,2024-01-01 00:00:00
P0057,BOX-03,3,2024-01-01 00:00:00
P0058,BOX-02,2,2024-01-01 00:00:00
P0059,BOX-06,6,2024-01-01 00:00:00
P0060,BOX-04,4,2024-01-01 00:00:00
P0061,BOX-06,6,2024-01-01 00:00:00
P0062,BOX-04,4,2024-01-01 00:00:00
P0063,BOX-04,4,2024-01-01 00:00:00
P0064,BOX-04,4,2024-01-01 00:00:00
P0065,BOX-04,4,2024-01-01 00:00:00
P0066,BOX-04,4,2024-01-01 00:00:00
P0067,BOX-04,4,2024-01-01 00:00:00
P0068,BOX-04,4,2024-01-01 00:00:00
P0069,BOX-04,4,2024-01-01 00:00:00
P0070,BOX-03,3,2024-01-01 00:00:00
P0071,BOX-04,4,2024-01-01 00:00:00
P0072,BOX-04,4,2024-01-01 00:00:00
P0073,BOX-04,4,2024-01-01 00:00:00
P0074,BOX-04,4,2024-01-01 00:00:00
P0075,BOX-06,6,2024-01-01 00:00:00
P0076,BOX-04,4,2024-01-01 00:00:00
P0077,BOX-04,4,2024-01-01 00:00:00
P0078,BOX-06,6,2024-01-01 00:00:00
P0079,BOX-04,4,2024-01-01 00:00:00
P0080,BOX-04,4,2024-01-01 00:00:00
P0081,BOX-04,4,2024-01-01 00:00:00
P0082,BOX-04,4,2024-01-01 00:00:00
P0083,BOX-04,4,2024-01-01 00:00:00
P0084,BOX-04,4,2024-01-01 00:00:00
P0085,BOX-04,4,2024-01-01 00:00:00
P0086,BOX-06,6,2024-01-01 00:00:00
P0087,BOX-04,4,2024-01-01 00:00:00
P0088,BOX-04,4,2024-01-01 00:00:00
P0089,BOX-04,4,2024-01-01 00:00:00
P0090,BOX-04,4,2024-01-01 00:00:00
P0091,BOX-04,4,2024-01-01 00:00:00
P0092,BOX-04,4,2024-01-01 00:00:00
P0093,BOX-04,4,2024-01-01 00:00:00
P0094,BOX-04,4,2024-01-01 00:00:00
P0095,BOX-04,4,2024-01-01 00:00:00
P0096,BOX-06,6,2024-01-01 00:00:00
P0097,BOX-04,4,2024-01-01 00:00:00
P0098,BOX-04,4,2024-01-01 00:00:00
P0099,BOX-04,4,2024-01-01 00:00:00
P0100,BOX-04,4,2024-01-01 00:00:00
P0101,BOX-03,3,2024-01-01 00:00:00
P0102,BOX-03,3,2024-01-01 00:00:00
P0103,BOX-04,4,2024-01-01 00:00:00
P0104,BOX-04,4,2024-01-01 00:00:00
P0105,BOX-06,6,2024-01-01 00:00:00
P0106,BOX-04,4,2024-01-01 00:00:00
P0107,BOX-04,4,2024-01-01 00:00:00
P0108,BOX-04,4,2024-01-01 00:00:00
P0109,BOX-04,4,2024-01-01 00:00:00
P0110,BOX-03,3,2024-01-01 00:00:00
P0111,BOX-03,3,2024-01-01 00:00:00
P0112,BOX-04,4,2024-01-01 00:00:00
P0113,BOX-04,4,2024-01-01 00:00:00
P0114,BOX-04,4,2024-01-01 00:00:00
P0115,BOX-04,4,2024-01-01 00:00:00
P0116,BOX-04,4,2024-01-01 00:00:00
P0117,BOX-04,4,2024-01-01 00:00:00
P0118,BOX-06,6,2024-01-01 00:00:00
P0119,BOX-03,3,2024-01-01 00:00:00
P0120,BOX-03,3,2024-01-01 00:00:00
P0121,BOX-04,4,2024-01-01 00:00:00
P0122,BOX-04,4,2024-01-01 00:00:00
P0123,BOX-04,4,2024-01-01 00:00:00
P0124,BOX-04,4,2024-01-01 00:00:00
P0125,BOX-04,4,2024-01-01 00:00:00
P0126,BOX-04,4,2024-01-01 00:00:00
P0127,BOX-04,4,2024-01-01 00:00:00
P0128,BOX-06,6,2024-01-01 00:00:00
P0129,BOX-04,4,2024-01-01 00:00:00
P0130,BOX-04,4,2024-01-01 00:00:00
P0131,BOX-04,4,2024-01-01 00:00:00
P0132,BOX-03,3,2024-01-01 00:00:00
P0133,BOX-04,4,2024-01-01 00:00:00
P0134,BOX-04,4,2024-01-01 00:00:00
P0135,BOX-04,4,2024-01-01 00:00:00
P0136,BOX-01,1,2024-01-01 00:00:00
P0137,BOX-01,1,2024-01-01 00:00:00
P0138,BOX-01,1,2024-01-01 00:00:00
P0139,BOX-01,1,2024-01-01 00:00:00
P0140,BOX-06,6,2024-01-01 00:00:00
P0141,BOX-04,4,2024-01-01 00:00:00
P0142,BOX-04,4,2024-01-01 00:00:00
P0143,BOX-06,6,2024-01-01 00:00:00
P0144,BOX-04,4,2024-01-01 00:00:00
P0145,BOX-04,4,2024-01-01 00:00:00
P0146,BOX-04,4,2024-01-01 00:00:00
P0147,BOX-04,4,2024-01-01 00:00:00
P0148,BOX-04,4,2024-01-01 00:00:00
P0149,BOX-04,4,2024-01-01 00:00:00
P0150,BOX-04,4,2024-01-01 00:00:00
P0151,BOX-06,6,2024-01-01 00:00:00
P0152,BOX-02,2,2024-01-01 00:00:00
P0153,BOX-02,2,2024-01-01 00:00:00
P0154,BOX-04,4,2024-01-01 00:00:00
P0155,BOX-03,3,2024-01-01 00:00:00
P0156,BOX-03,3,2024-01-01 00:00:00
P0157,BOX-03,3,2024-01-01 00:00:00
P0158,BOX-11,12,2024-01-01 00:00:00
P0159,BOX-11,12,2024-01-01 00:00:00
P0160,BOX-11,12,2024-01-01 00:00:00
P0161,BOX-11,12,2024-01-01 00:00:00
P0162,BOX-11,12,2024-01-01 00:00:00
P0163,BOX-11,12,2024-01-01 00:00:00
P0164,BOX-03,3,2024-01-01 00:00:00
P0165,BOX-03,3,2024-01-01 00:00:00
P0166,BOX-06,6,2024-01-01 00:00:00
P0167,BOX-04,4,2024-01-01 00:00:00
P0168,BOX-04,4,2024-01-01 00:00:00
P0169,BOX-03,3,2024-01-01 00:00:00
P0170,BOX-03,3,2024-01-01 00:00:00
P0171,BOX-06,6,2024-01-01 00:00:00
P0172,BOX-03,3,2024-01-01 00:00:00
P0173,BOX-03,3,2024-01-01 00:00:00
P0174,BOX-03,3,2024-01-01 00:00:00
P0175,BOX-03,3,2024-01-01 00:00:00
P0176,BOX-06,6,2024-01-01 00:00:00
P0177,BOX-03,3,2024-01-01 00:00:00
P0178,BOX-03,3,2024-01-01 00:00:00
P0179,BOX-06,6,2024-01-01 00:00:00
P0180,BOX-03,3,2024-01-01 00:00:00
P0181,BOX-04,4,2024-01-01 00:00:00
P0182,BOX-04,4,2024-01-01 00:00:00
P0183,BOX-06,6,2024-01-01 00:00:00
P0184,BOX-03,3,2024-01-01 00:00:00
P0185,BOX-04,4,2024-01-01 00:00:00
P0186,BOX-04,4,2024-01-01 00:00:00
P0187,BOX-04,4,2024-01-01 00:00:00
P0188,BOX-04,4,2024-01-01 00:00:00
P0189,BOX-04,4,2024-01-01 00:00:00
P0190,BOX-04,4,2024-01-01 00:00:00
P0191,BOX-04,4,2024-01-01 00:00:00
P0192,BOX-04,4,2024-01-01 00:00:00
P0193,BOX-04,4,2024-01-01 00:00:00
P0194,BOX-04,4,2024-01-01 00:00:00
P0195,BOX-04,4,2024-01-01 00:00:00
P0196,BOX-04,4,2024-01-01 00:00:00
P0197,BOX-04,4,2024-01-01 00:00:00
P0198,BOX-04,4,2024-01-01 00:00:00
P0199,BOX-04,4,2024-01-01 00:00:00
P0200,BOX-04,4,2024-01-01 00:00:00
P0201,BOX-04,4,2024-01-01 00:00:00
P0202,BOX-04,4,2024-01-01 00:00:00
P0203,BOX-04,4,2024-01-01 00:00:00
P0204,BOX-04,4,2024-01-01 00:00:00
P0205,BOX-04,4,2024-01-01 00:00:00
P0206,BOX-04,4,2024-01-01 00:00:00
P0207,BOX-04,4,2024-01-01 00:00:00
P0208,BOX-04,4,2024-01-01 00:00:00
P0209,BOX-04,4,2024-01-01 00:00:00
P0210,BOX-03,3,2024-01-01 00:00:00
P0211,BOX-04,4,2024-01-01 00:00:00
P0212,BOX-04,4,2024-01-01 00:00:00
P0213,BOX-03,3,2024-01-01 00:00:00
P0214,BOX-04,4,2024-01-01 00:00:00
P0215,BOX-04,4,2024-01-01 00:00:00
P0216,BOX-04,4,2024-01-01 00:00:00
P0217,BOX-04,4,2024-01-01 00:00:00
P0218,BOX-04,4,2024-01-01 00:00:00
P0219,BOX-03,3,2024-01-01 00:00:00
P0220,BOX-04,4,2024-01-01 00:00:00
P0221,BOX-04,4,2024-01-01 00:00:00
P0222,BOX-03,3,2024-01-01 00:00:00
P0223,BOX-06,6,2024-01-01 00:00:00
P0224,BOX-04,4,2024-01-01 00:00:00
P0225,BOX-04,4,2024-01-01 00:00:00
P0226,BOX-03,3,2024-01-01 00:00:00
P0227,BOX-03,3,2024-01-01 00:00:00
P0228,BOX-06,6,2024-01-01 00:00:00
P0229,BOX-04,4,2024-01-01 00:00:00
P0230,BOX-04,4,2024-01-01 00:00:00
P0231,BOX-03,3,2024-01-01 00:00:00
P0232,BOX-03,3,2024-01-01 00:00:00
P0233,BOX-04,4,2024-01-01 00:00:00
P0234,BOX-04,4,2024-01-01 00:00:00
P0235,BOX-03,3,2024-01-01 00:00:00
P0236,BOX-03,3,2024-01-01 00:00:00
P0237,BOX-03,3,2024-01-01 00:00:00
P0238,BOX-03,3,2024-01-01 00:00:00
P0239,BOX-04,4,2024-01-01 00:00:00
P0240,BOX-04,4,2024-01-01 00:00:00
P0241,BOX-06,6,2024-01-01 00:00:00
P0242,BOX-06,6,2024-01-01 00:00:00
P0243,BOX-04,4,2024-01-01 00:00:00
P0244,BOX-04,4,2024-01-01 00:00:00
P0245,BOX-04,4,2024-01-01 00:00:00
P0246,BOX-04,4,2024-01-01 00:00:00
P0247,BOX-04,4,2024-01-01 00:00:00
P0248,BOX-06,6,2024-01-01 00:00:00
P0249,BOX-04,4,2024-01-01 00:00:00
P0250,BOX-04,4,2024-01-01 00:00:00
P0251,BOX-06,6,2024-01-01 00:00:00
P0252,BOX-04,4,2024-01-01 00:00:00
P0253,BOX-03,3,2024-01-01 00:00:00
P0254,BOX-11,12,2024-01-01 00:00:00
P0255,BOX-04,4,2024-01-01 00:00:00
P0256,BOX-03,3,2024-01-01 00:00:00
P0257,BOX-11,12,2024-01-01 00:00:00
P0258,BOX-04,4,2024-01-01 00:00:00
P0259,BOX-03,3,2024-01-01 00:00:00
P0260,BOX-04,4,2024-01-01 00:00:00
P0261,BOX-03,3,2024-01-01 00:00:00
P0262,BOX-04,4,2024-01-01 00:00:00
P0263,BOX-03,3,2024-01-01 00:00:00
P0264,BOX-04,4,2024-01-01 00:00:00
P0265,BOX-03,3,2024-01-01 00:00:00
P0266,BOX-04,4,2024-01-01 00:00:00
P0267,BOX-03,3,2024-01-01 00:00:00
P0268,BOX-04,4,2024-01-01 00:00:00
P0269,BOX-03,3,2024-01-01 00:00:00
P0270,BOX-04,4,2024-01-01 00:00:00
P0271,BOX-03,3,2024-01-01 00:00:00
P0272,BOX-11,12,2024-01-01 00:00:00
P0273,BOX-04,4,2024-01-01 00:00:00
P0274,BOX-04,4,2024-01-01 00:00:00
P0275,BOX-06,6,2024-01-01 00:00:00
P0276,BOX-04,4,2024-01-01 00:00:00
P0277,BOX-04,4,2024-01-01 00:00:00
P0278,BOX-04,4,2024-01-01 00:00:00
P0279,BOX-04,4,2024-01-01 00:00:00
P0280,BOX-04,4,2024-01-01 00:00:00
P0281,BOX-11,12,2024-01-01 00:00:00
P0282,BOX-04,4,2024-01-01 00:00:00
P0283,BOX-04,4,2024-01-01 00:00:00
P0284,BOX-06,6,2024-01-01 00:00:00
P0285,BOX-04,4,2024-01-01 00:00:00
P0286,BOX-04,4,2024-01-01 00:00:00
P0287,BOX-04,4,2024-01-01 00:00:00
P0288,BOX-04,4,2024-01-01 00:00:00
P0289,BOX-04,4,2024-01-01 00:00:00
P0290,BOX-11,12,2024-01-01 00:00:00
P0291,BOX-04,4,2024-01-01 00:00:00
P0292,BOX-04,4,2024-01-01 00:00:00
P0293,BOX-04,4,2024-01-01 00:00:00
P0294,BOX-04,4,2024-01-01 00:00:00
P0295,BOX-04,4,2024-01-01 00:00:00
P0296,BOX-04,4,2024-01-01 00:00:00
P0297,BOX-04,4,2024-01-01 00:00:00
P0298,BOX-04,4,2024-01-01 00:00:00
P0299,BOX-04,4,2024-01-01 00:00:00
P0300,BOX-04,4,2024-01-01 00:00:00
P0301,BOX-04,4,2024-01-01 00:00:00
P0302,BOX-04,4,2024-01-01 00:00:00
P0303,BOX-04,4,2024-01-01 00:00:00
P0304,BOX-06,6,2024-01-01 00:00:00
P0305,BOX-04,4,2024-01-01 00:00:00
P0306,BOX-02,2,2024-01-01 00:00:00
P0307,BOX-02,2,2024-01-01 00:00:00
P0308,BOX-03,3,2024-01-01 00:00:00
P0309,BOX-11,12,2024-01-01 00:00:00
P0310,BOX-06,6,2024-01-01 00:00:00
P0311,BOX-04,4,2024-01-01 00:00:00
P0312,BOX-03,3,2024-01-01 00:00:00
P0313,BOX-11,12,2024-01-01 00:00:00
P0314,BOX-06,6,2024-01-01 00:00:00
P0315,BOX-04,4,2024-01-01 00:00:00
P0316,BOX-03,3,2024-01-01 00:00:00
P0317,BOX-04,4,2024-01-01 00:00:00
P0318,BOX-04,4,2024-01-01 00:00:00
P0319,BOX-03,3,2024-01-01 00:00:00
P0320,BOX-04,4,2024-01-01 00:00:00
P0321,BOX-04,4,2024-01-01 00:00:00
P0322,BOX-03,3,2024-01-01 00:00:00
P0323,BOX-04,4,2024-01-01 00:00:00
P0324,BOX-02,2,2024-01-01 00:00:00
P0325,BOX-02,2,2024-01-01 00:00:00
P0326,BOX-03,3,2024-01-01 00:00:00
P0327,BOX-06,6,2024-01-01 00:00:00
P0328,BOX-04,4,2024-01-01 00:00:00
P0329,BOX-02,2,2024-01-01 00:00:00
P0330,BOX-02,2,2024-01-01 00:00:00
P0331,BOX-04,4,2024-01-01 00:00:00
P0332,BOX-02,2,2024-01-01 00:00:00
P0333,BOX-02,2,2024-01-01 00:00:00
P0334,BOX-06,6,2024-01-01 00:00:00
P0335,BOX-04,4,2024-01-01 00:00:00
P0336,BOX-02,2,2024-01-01 00:00:00
P0337,BOX-02,2,2024-01-01 00:00:00
P0338,BOX-03,3,2024-01-01 00:00:00
P0339,BOX-04,4,2024-01-01 00:00:00
P0340,BOX-02,2,2024-01-01 00:00:00
P0341,BOX-02,2,2024-01-01 00:00:00
P0342,BOX-02,2,2024-01-01 00:00:00
P0343,BOX-04,4,2024-01-01 00:00:00
P0344,BOX-02,2,2024-01-01 00:00:00
P0345,BOX-02,2,2024-01-01 00:00:00
P0346,BOX-02,2,2024-01-01 00:00:00
P0347,BOX-02,2,2024-01-01 00:00:00
P0348,BOX-03,3,2024-01-01 00:00:00
P0349,BOX-04,4,2024-01-01 00:00:00
P0350,BOX-04,4,2024-01-01 00:00:00
P0351,BOX-04,4,2024-01-01 00:00:00
P0352,BOX-03,3,2024-01-01 00:00:00
P0353,BOX-04,4,2024-01-01 00:00:00
P0354,BOX-04,4,2024-01-01 00:00:00
P0355,BOX-04,4,2024-01-01 00:00:00
P0356,BOX-04,4,2024-01-01 00:00:00
P0357,BOX-04,4,2024-01-01 00:00:00
P0358,BOX-04,4,2024-01-01 00:00:00
P0359,BOX-03,3,2024-01-01 00:00:00
P0360,BOX-04,4,2024-01-01 00:00:00
P0361,BOX-03,3,2024-01-01 00:00:00
P0362,BOX-04,4,2024-01-01 00:00:00
P0363,BOX-03,3,2024-01-01 00:00:00
P0364,BOX-04,4,2024-01-01 00:00:00
P0365,BOX-03,3,2024-01-01 00:00:00
P0366,BOX-06,6,2024-01-01 00:00:00
P0367,BOX-03,3,2024-01-01 00:00:00
P0368,BOX-02,2,2024-01-01 00:00:00
P0369,BOX-02,2,2024-01-01 00:00:00
P0370,BOX-11,12,2024-01-01 00:00:00
P0371,BOX-03,3,2024-01-01 00:00:00
P0372,BOX-04,4,2024-01-01 00:00:00
P0373,BOX-11,12,2024-01-01 00:00:00
P0374,BOX-03,3,2024-01-01 00:00:00
P0375,BOX-06,6,2024-01-01 00:00:00
P0376,BOX-11,12,2024-01-01 00:00:00
P0377,BOX-06,6,2024-01-01 00:00:00
P0378,BOX-04,4,2024-01-01 00:00:00
P0379,BOX-03,3,2024-01-01 00:00:00
P0380,BOX-11,12,2024-01-01 00:00:00
P0381,BOX-04,4,2024-01-01 00:00:00
P0382,BOX-04,4,2024-01-01 00:00:00
P0383,BOX-04,4,2024-01-01 00:00:00
P0384,BOX-04,4,2024-01-01 00:00:00
P0385,BOX-11,12,2024-01-01 00:00:00
P0386,BOX-06,6,2024-01-01 00:00:00
P0387,BOX-04,4,2024-01-01 00:00:00
P0388,BOX-03,3,2024-01-01 00:00:00
P0389,BOX-11,12,2024-01-01 00:00:00
P0390,BOX-04,4,2024-01-01 00:00:00
P0391,BOX-04,4,2024-01-01 00:00:00
P0392,BOX-04,4,2024-01-01 00:00:00
P0393,BOX-04,4,2024-01-01 00:00:00
P0394,BOX-04,4,2024-01-01 00:00:00
P0395,BOX-04,4,2024-01-01 00:00:00
P0396,BOX-04,4,2024-01-01 00:00:00
P0397,BOX-04,4,2024-01-01 00:00:00
P0398,BOX-04,4,2024-01-01 00:00:00
P0399,BOX-04,4,2024-01-01 00:00:00
P0400,BOX-04,4,2024-01-01 00:00:00
P0401,BOX-04,4,2024-01-01 00:00:00
P0402,BOX-04,4,2024-01-01 00:00:00
P0403,BOX-06,6,2024-01-01 00:00:00
P0404,BOX-04,4,2024-01-01 00:00:00
P0405,BOX-06,6,2024-01-01 00:00:00
P0406,BOX-04,4,2024-01-01 00:00:00
P0407,BOX-04,4,2024-01-01 00:00:00
P0408,BOX-02,2,2024-01-01 00:00:00
P0409,BOX-02,2,2024-01-01 00:00:00
P0410,BOX-04,4,2024-01-01 00:00:00
P0411,BOX-03,3,2024-01-01 00:00:00
P0412,BOX-02,2,2024-01-01 00:00:00
P0413,BOX-04,4,2024-01-01 00:00:00
P0414,BOX-03,3,2024-01-01 00:00:00
P0415,BOX-02,2,2024-01-01 00:00:00
P0416,BOX-06,6,2024-01-01 00:00:00
P0417,BOX-04,4,2024-01-01 00:00:00
P0418,BOX-04,4,2024-01-01 00:00:00
P0419,BOX-03,3,2024-01-01 00:00:00
P0420,BOX-06,6,2024-01-01 00:00:00
P0421,BOX-04,4,2024-01-01 00:00:00
P0422,BOX-04,4,2024-01-01 00:00:00
P0423,BOX-04,4,2024-01-01 00:00:00
P0424,BOX-06,6,2024-01-01 00:00:00
P0425,BOX-04,4,2024-01-01 00:00:00
P0426,BOX-04,4,2024-01-01 00:00:00
P0427,BOX-03,3,2024-01-01 00:00:00
P0428,BOX-06,6,2024-01-01 00:00:00
P0429,BOX-06,6,2024-01-01 00:00:00
P0430,BOX-06,6,2024-01-01 00:00:00
P0431,BOX-06,6,2024-01-01 00:00:00
P0432,BOX-06,6,2024-01-01 00:00:00
P0433,BOX-04,4,2024-01-01 00:00:00
P0434,BOX-04,4,2024-01-01 00:00:00
P0435,BOX-06,6,2024-01-01 00:00:00
P0436,BOX-06,6,2024-01-01 00:00:00
P0437,BOX-06,6,2024-01-01 00:00:00
P0438,BOX-04,4,2024-01-01 00:00:00
P0439,BOX-04,4,2024-01-01 00:00:00
P0440,BOX-04,4,2024-01-01 00:00:00
P0441,BOX-04,4,2024-01-01 00:00:00
P0442,BOX-04,4,2024-01-01 00:00:00
P0443,BOX-04,4,2024-01-01 00:00:00
P0444,BOX-04,4,2024-01-01 00:00:00
P0445,BOX-04,4,2024-01-01 00:00:00
P0446,BOX-04,4,2024-01-01 00:00:00
P0447,BOX-04,4,2024-01-01 00:00:00
P0448,BOX-04,4,2024-01-01 00:00:00
P0449,BOX-04,4,2024-01-01 00:00:00
P0450,BOX-04,4,2024-01-01 00:00:00
P0451,BOX-03,3,2024-01-01 00:00:00
P0452,BOX-03,3,2024-01-01 00:00:00
P0453,BOX-04,4,2024-01-01 00:00:00
P0454,BOX-04,4,2024-01-01 00:00:00
P0455,BOX-03,3,2024-01-01 00:00:00
P0456,BOX-03,3,2024-01-01 00:00:00
P0457,BOX-04,4,2024-01-01 00:00:00
P0458,BOX-04,4,2024-01-01 00:00:00
P0459,BOX-06,6,2024-01-01 00:00:00
P0460,BOX-03,3,2024-01-01 00:00:00
P0461,BOX-03,3,2024-01-01 00:00:00
P0462,BOX-04,4,2024-01-01 00:00:00
P0463,BOX-04,4,2024-01-01 00:00:00
P0464,BOX-03,3,2024-01-01 00:00:00
P0465,BOX-03,3,2024-01-01 00:00:00
P0466,BOX-04,4,2024-01-01 00:00:00
P0467,BOX-04,4,2024-01-01 00:00:00
P0468,BOX-04,4,2024-01-01 00:00:00
P0469,BOX-04,4,2024-01-01 00:00:00
P0470,BOX-11,12,2024-01-01 00:00:00
P0471,BOX-04,4,2024-01-01 00:00:00
P0472,BOX-04,4,2024-01-01 00:00:00
P0473,BOX-04,4,2024-01-01 00:00:00
P0474,BOX-04,4,2024-01-01 00:00:00
P0475,BOX-04,4,2024-01-01 00:00:00
P0476,BOX-04,4,2024-01-01 00:00:00
P0477,BOX-04,4,2024-01-01 00:00:00
P0478,BOX-06,6,2024-01-01 00:00:00
P0479,BOX-04,4,2024-01-01 00:00:00
P0480,BOX-04,4,2024-01-01 00:00:00
P0481,BOX-03,3,2024-01-01 00:00:00
P0482,BOX-03,3,2024-01-01 00:00:00
P0483,BOX-11,12,2024-01-01 00:00:00
P0484,BOX-06,6,2024-01-01 00:00:00
P0485,BOX-04,4,2024-01-01 00:00:00
P0486,BOX-03,3,2024-01-01 00:00:00
P0487,BOX-03,3,2024-01-01 00:00:00
P0488,BOX-04,4,2024-01-01 00:00:00
P0489,BOX-04,4,2024-01-01 00:00:00
P0490,BOX-03,3,2024-01-01 00:00:00
P0491,BOX-02,2,2024-01-01 00:00:00
P0492,BOX-02,2,2024-01-01 00:00:00
P0493,BOX-04,4,2024-01-01 00:00:00
P0494,BOX-03,3,2024-01-01 00:00:00
P0495,BOX-02,2,2024-01-01 00:00:00
P0496,BOX-02,2,2024-01-01 00:00:00
P0497,BOX-02,2,2024-01-01 00:00:00
P0498,BOX-02,2,2024-01-01 00:00:00
P0499,BOX-02,2,2024-01-01 00:00:00
P0500,BOX-03,3,2024-01-01 00:00:00
P0501,BOX-02,2,2024-01-01 00:00:00
P0502,BOX-02,2,2024-01-01 00:00:00
P0503,BOX-02,2,2024-01-01 00:00:00
P0504,BOX-06,6,2024-01-01 00:00:00
P0505,BOX-04,4,2024-01-01 00:00:00
P0506,BOX-04,4,2024-01-01 00:00:00
P0507,BOX-04,4,2024-01-01 00:00:00
P0508,BOX-04,4,2024-01-01 00:00:00
P0509,BOX-04,4,2024-01-01 00:00:00
P0510,BOX-03,3,2024-01-01 00:00:00
P0511,BOX-03,3,2024-01-01 00:00:00
P0512,BOX-04,4,2024-01-01 00:00:00
P0513,BOX-04,4,2024-01-01 00:00:00
P0514,BOX-04,4,2024-01-01 00:00:00
P0515,BOX-06,6,2024-01-01 00:00:00
P0516,BOX-04,4,2024-01-01 00:00:00
P0517,BOX-04,4,2024-01-01 00:00:00
P0518,BOX-04,4,2024-01-01 00:00:00
P0519,BOX-04,4,2024-01-01 00:00:00
P0520,BOX-04,4,2024-01-01 00:00:00
P0521,BOX-03,3,2024-01-01 00:00:00
P0522,BOX-03,3,2024-01-01 00:00:00
P0523,BOX-04,4,2024-01-01 00:00:00
P0524,BOX-04,4,2024-01-01 00:00:00
P0525,BOX-04,4,2024-01-01 00:00:00
P0526,BOX-04,4,2024-01-01 00:00:00
P0527,BOX-04,4,2024-01-01 00:00:00
P0528,BOX-03,3,2024-01-01 00:00:00
P0529,BOX-06,6,2024-01-01 00:00:00
P0530,BOX-04,4,2024-01-01 00:00:00
P0531,BOX-04,4,2024-01-01 00:00:00
P0532,BOX-03,3,2024-01-01 00:00:00
P0533,BOX-11,12,2024-01-01 00:00:00
P0534,BOX-11,12,2024-01-01 00:00:00
P0535,BOX-04,4,2024-01-01 00:00:00
P0536,BOX-04,4,2024-01-01 00:00:00
P0537,BOX-06,6,2024-01-01 00:00:00
P0538,BOX-04,4,2024-01-01 00:00:00
P0539,BOX-03,3,2024-01-01 00:00:00
P0540,BOX-04,4,2024-01-01 00:00:00
P0541,BOX-04,4,2024-01-01 00:00:00
P0542,BOX-11,12,2024-01-01 00:00:00
P0543,BOX-11,12,2024-01-01 00:00:00
P0544,BOX-04,4,2024-01-01 00:00:00
P0545,BOX-04,4,2024-01-01 00:00:00
P0546,BOX-06,6,2024-01-01 00:00:00
P0547,BOX-04,4,2024-01-01 00:00:00
P0548,BOX-03,3,2024-01-01 00:00:00
P0549,BOX-04,4,2024-01-01 00:00:00
P0550,BOX-04,4,2024-01-01 00:00:00
P0551,BOX-06,6,2024-01-01 00:00:00
P0552,BOX-04,4,2024-01-01 00:00:00
P0553,BOX-04,4,2024-01-01 00:00:00
P0554,BOX-03,3,2024-01-01 00:00:00
P0555,BOX-11,12,2024-01-01 00:00:00
P0556,BOX-04,4,2024-01-01 00:00:00
P0557,BOX-04,4,2024-01-01 00:00:00
P0558,BOX-04,4,2024-01-01 00:00:00
P0559,BOX-04,4,2024-01-01 00:00:00
P0560,BOX-11,12,2024-01-01 00:00:00
P0561,BOX-03,3,2024-01-01 00:00:00
P0562,BOX-04,4,2024-01-01 00:00:00
P0563,BOX-04,4,2024-01-01 00:00:00
P0564,BOX-03,3,2024-01-01 00:00:00
P0565,BOX-11,12,2024-01-01 00:00:00
P0566,BOX-03,3,2024-01-01 00:00:00
P0567,BOX-04,4,2024-01-01 00:00:00
P0568,BOX-04,4,2024-01-01 00:00:00
P0569,BOX-03,3,2024-01-01 00:00:00
P0570,BOX-11,12,2024-01-01 00:00:00
P0571,BOX-04,4,2024-01-01 00:00:00
P0572,BOX-04,4,2024-01-01 00:00:00
P0573,BOX-04,4,2024-01-01 00:00:00
P0574,BOX-04,4,2024-01-01 00:00:00
P0575,BOX-04,4,2024-01-01 00:00:00
P0576,BOX-04,4,2024-01-01 00:00:00
P0577,BOX-04,4,2024-01-01 00:00:00
P0578,BOX-06,6,2024-01-01 00:00:00
P0579,BOX-04,4,2024-01-01 00:00:00
P0580,BOX-04,4,2024-01-01 00:00:00
P0581,BOX-11,12,2024-01-01 00:00:00
P0582,BOX-04,4,2024-01-01 00:00:00
P0583,BOX-04,4,2024-01-01 00:00:00
P0584,BOX-03,3,2024-01-01 00:00:00
P0585,BOX-11,12,2024-01-01 00:00:00
P0586,BOX-04,4,2024-01-01 00:00:00
P0587,BOX-03,3,2024-01-01 00:00:00
P0588,BOX-04,4,2024-01-01 00:00:00
P0589,BOX-04,4,2024-01-01 00:00:00
P0590,BOX-03,3,2024-01-01 00:00:00
P0591,BOX-06,6,2024-01-01 00:00:00
P0592,BOX-04,4,2024-01-01 00:00:00
P0593,BOX-04,4,2024-01-01 00:00:00
P0594,BOX-04,4,2024-01-01 00:00:00
P0595,BOX-04,4,2024-01-01 00:00:00
P0596,BOX-03,3,2024-01-01 00:00:00
P0597,BOX-06,6,2024-01-01 00:00:00
P0598,BOX-04,4,2024-01-01 00:00:00
P0599,BOX-04,4,2024-01-01 00:00:00
P0600,BOX-04,4,2024-01-01 00:00:00
P0601,BOX-04,4,2024-01-01 00:00:00
P0602,BOX-03,3,2024-01-01 00:00:00
P0603,BOX-06,6,2024-01-01 00:00:00
P0604,BOX-04,4,2024-01-01 00:00:00
P0605,BOX-04,4,2024-01-01 00:00:00
P0606,BOX-03,3,2024-01-01 00:00:00
P0607,BOX-03,3,2024-01-01 00:00:00
P0608,BOX-04,4,2024-01-01 00:00:00
P0609,BOX-04,4,2024-01-01 00:00:00
P0610,BOX-03,3,2024-01-01 00:00:00
P0611,BOX-04,4,2024-01-01 00:00:00
P0612,BOX-04,4,2024-01-01 00:00:00
P0613,BOX-03,3,2024-01-01 00:00:00
P0614,BOX-03,3,2024-01-01 00:00:00
P0615,BOX-04,4,2024-01-01 00:00:00
P0616,BOX-03,3,2024-01-01 00:00:00
P0617,BOX-03,3,2024-01-01 00:00:00
P0618,BOX-04,4,2024-01-01 00:00:00
P0619,BOX-04,4,2024-01-01 00:00:00
P0620,BOX-04,4,2024-01-01 00:00:00
P0621,BOX-04,4,2024-01-01 00:00:00
P0622,BOX-04,4,2024-01-01 00:00:00
P0623,BOX-04,4,2024-01-01 00:00:00
P0624,BOX-03,3,2024-01-01 00:00:00
P0625,BOX-03,3,2024-01-01 00:00:00
P0626,BOX-04,4,2024-01-01 00:00:00
P0627,BOX-04,4,2024-01-01 00:00:00
P0628,BOX-03,3,2024-01-01 00:00:00
P0629,BOX-03,3,2024-01-01 00:00:00
P0630,BOX-04,4,2024-01-01 00:00:00
P0631,BOX-04,4,2024-01-01 00:00:00
P0632,BOX-04,4,2024-01-01 00:00:00
P0633,BOX-11,12,2024-01-01 00:00:00
P0634,BOX-04,4,2024-01-01 00:00:00
P0635,BOX-04,4,2024-01-01 00:00:00
P0636,BOX-11,12,2024-01-01 00:00:00
P0637,BOX-04,4,2024-01-01 00:00:00
P0638,BOX-04,4,2024-01-01 00:00:00
P0639,BOX-03,3,2024-01-01 00:00:00
P0640,BOX-11,12,2024-01-01 00:00:00
P0641,BOX-04,4,2024-01-01 00:00:00
P0642,BOX-04,4,2024-01-01 00:00:00
P0643,BOX-04,4,2024-01-01 00:00:00
P0644,BOX-04,4,2024-01-01 00:00:00
P0645,BOX-04,4,2024-01-01 00:00:00
P0646,BOX-04,4,2024-01-01 00:00:00
P0647,BOX-04,4,2024-01-01 00:00:00
P0648,BOX-06,6,2024-01-01 00:00:00
P0649,BOX-04,4,2024-01-01 00:00:00
P0650,BOX-04,4,2024-01-01 00:00:00
P0651,BOX-04,4,2024-01-01 00:00:00
P0652,BOX-04,4,2024-01-01 00:00:00
P0653,BOX-06,6,2024-01-01 00:00:00
P0654,BOX-11,12,2024-01-01 00:00:00
P0655,BOX-04,4,2024-01-01 00:00:00
P0656,BOX-04,4,2024-01-01 00:00:00
P0657,BOX-04,4,2024-01-01 00:00:00
P0658,BOX-04,4,2024-01-01 00:00:00
P0659,BOX-04,4,2024-01-01 00:00:00
P0660,BOX-06,6,2024-01-01 00:00:00
P0661,BOX-04,4,2024-01-01 00:00:00
P0662,BOX-04,4,2024-01-01 00:00:00
P0663,BOX-03,3,2024-01-01 00:00:00
P0664,BOX-04,4,2024-01-01 00:00:00
P0665,BOX-03,3,2024-01-01 00:00:00
P0666,BOX-04,4,2024-01-01 00:00:00
P0667,BOX-04,4,2024-01-01 00:00:00
P0668,BOX-04,4,2024-01-01 00:00:00
P0669,BOX-04,4,2024-01-01 00:00:00
P0670,BOX-04,4,2024-01-01 00:00:00
P0671,BOX-04,4,2024-01-01 00:00:00
P0672,BOX-04,4,2024-01-01 00:00:00
P0673,BOX-03,3,2024-01-01 00:00:00
P0674,BOX-04,4,2024-01-01 00:00:00
P0675,BOX-03,3,2024-01-01 00:00:00
P0676,BOX-04,4,2024-01-01 00:00:00
P0677,BOX-03,3,2024-01-01 00:00:00
P0678,BOX-03,3,2024-01-01 00:00:00
P0679,BOX-11,12,2024-01-01 00:00:00
P0680,BOX-04,4,2024-01-01 00:00:00
P0681,BOX-04,4,2024-01-01 00:00:00
P0682,BOX-03,3,2024-01-01 00:00:00
P0683,BOX-03,3,2024-01-01 00:00:00
P0684,BOX-06,6,2024-01-01 00:00:00
P0685,BOX-06,6,2024-01-01 00:00:00
P0686,BOX-04,4,2024-01-01 00:00:00
P0687,BOX-06,6,2024-01-01 00:00:00
P0688,BOX-04,4,2024-01-01 00:00:00
P0689,BOX-03,3,2024-01-01 00:00:00
P0690,BOX-04,4,2024-01-01 00:00:00
P0691,BOX-04,4,2024-01-01 00:00:00
P0692,BOX-03,3,2024-01-01 00:00:00
P0693,BOX-04,4,2024-01-01 00:00:00
P0694,BOX-03,3,2024-01-01 00:00:00
P0695,BOX-03,3,2024-01-01 00:00:00
P0696,BOX-04,4,2024-01-01 00:00:00
P0697,BOX-04,4,2024-01-01 00:00:00
P0698,BOX-03,3,2024-01-01 00:00:00
P0699,BOX-06,6,2024-01-01 00:00:00
P0700,BOX-04,4,2024-01-01 00:00:00
P0701,BOX-02,2,2024-01-01 00:00:00
P0702,BOX-02,2,2024-01-01 00:00:00
P0703,BOX-04,4,2024-01-01 00:00:00
P0704,BOX-04,4,2024-01-01 00:00:00
P0705,BOX-04,4,2024-01-01 00:00:00
P0706,BOX-03,3,2024-01-01 00:00:00
P0707,BOX-04,4,2024-01-01 00:00:00
P0708,BOX-03,3,2024-01-01 00:00:00
P0709,BOX-03,3,2024-01-01 00:00:00
P0710,BOX-04,4,2024-01-01 00:00:00
P0711,BOX-04,4,2024-01-01 00:00:00
P0712,BOX-04,4,2024-01-01 00:00:00
P0713,BOX-04,4,2024-01-01 00:00:00
P0714,BOX-03,3,2024-01-01 00:00:00
P0715,BOX-03,3,2024-01-01 00:00:00
P0716,BOX-04,4,2024-01-01 00:00:00
P0717,BOX-03,3,2024-01-01 00:00:00
P0718,BOX-04,4,2024-01-01 00:00:00
P0719,BOX-04,4,2024-01-01 00:00:00
P0720,BOX-03,3,2024-01-01 00:00:00
P0721,BOX-04,4,2024-01-01 00:00:00
P0722,BOX-04,4,2024-01-01 00:00:00
P0723,BOX-03,3,2024-01-01 00:00:00
P0724,BOX-04,4,2024-01-01 00:00:00
P0725,BOX-04,4,2024-01-01 00:00:00
P0726,BOX-03,3,2024-01-01 00:00:00
P0727,BOX-04,4,2024-01-01 00:00:00
P0728,BOX-06,6,2024-01-01 00:00:00
P0729,BOX-06,6,2024-01-01 00:00:00
P0730,BOX-04,4,2024-01-01 00:00:00
P0731,BOX-06,6,2024-01-01 00:00:00
P0732,BOX-02,2,2024-01-01 00:00:00
P0733,BOX-02,2,2024-01-01 00:00:00
P0734,BOX-04,4,2024-01-01 00:00:00
P0735,BOX-03,3,2024-01-01 00:00:00
P0736,BOX-03,3,2024-01-01 00:00:00
P0737,BOX-03,3,2024-01-01 00:00:00
P0738,BOX-03,3,2024-01-01 00:00:00
P0739,BOX-03,3,2024-01-01 00:00:00
P0740,BOX-03,3,2024-01-01 00:00:00
P0741,BOX-03,3,2024-01-01 00:00:00
P0742,BOX-03,3,2024-01-01 00:00:00
P0743,BOX-04,4,2024-01-01 00:00:00
P0744,BOX-03,3,2024-01-01 00:00:00
P0745,BOX-04,4,2024-01-01 00:00:00
P0746,BOX-04,4,2024-01-01 00:00:00
P0747,BOX-03,3,2024-01-01 00:00:00
P0748,BOX-04,4,2024-01-01 00:00:00
P0749,BOX-06,6,2024-01-01 00:00:00
P0750,BOX-04,4,2024-01-01 00:00:00
P0751,BOX-04,4,2024-01-01 00:00:00
P0752,BOX-06,6,2024-01-01 00:00:00
P0753,BOX-06,6,2024-01-01 00:00:00
P0754,BOX-06,6,2024-01-01 00:00:00
P0755,BOX-11,12,2024-01-01 00:00:00
P0756,BOX-04,4,2024-01-01 00:00:00
P0757,BOX-04,4,2024-01-01 00:00:00
P0758,BOX-06,6,2024-01-01 00:00:00
P0759,BOX-11,12,2024-01-01 00:00:00
P0760,BOX-04,4,2024-01-01 00:00:00
P0761,BOX-06,6,2024-01-01 00:00:00
P0762,BOX-03,3,2024-01-01 00:00:00
P0763,BOX-03,3,2024-01-01 00:00:00
P0764,BOX-11,12,2024-01-01 00:00:00
P0765,BOX-04,4,2024-01-01 00:00:00
P0766,BOX-06,6,2024-01-01 00:00:00
P0767,BOX-03,3,2024-01-01 00:00:00
P0768,BOX-03,3,2024-01-01 00:00:00
P0769,BOX-06,6,2024-01-01 00:00:00
P0770,BOX-04,4,2024-01-01 00:00:00
P0771,BOX-03,3,2024-01-01 00:00:00
P0772,BOX-03,3,2024-01-01 00:00:00
P0773,BOX-06,6,2024-01-01 00:00:00
P0774,BOX-04,4,2024-01-01 00:00:00
P0775,BOX-03,3,2024-01-01 00:00:00
P0776,BOX-03,3,2024-01-01 00:00:00
P0777,BOX-06,6,2024-01-01 00:00:00
P0778,BOX-04,4,2024-01-01 00:00:00
P0779,BOX-04,4,2024-01-01 00:00:00
P0780,BOX-03,3,2024-01-01 00:00:00
P0781,BOX-06,6,2024-01-01 00:00:00
P0782,BOX-04,4,2024-01-01 00:00:00
P0783,BOX-04,4,2024-01-01 00:00:00
P0784,BOX-11,12,2024-01-01 00:00:00
P0785,BOX-03,3,2024-01-01 00:00:00
P0786,BOX-04,4,2024-01-01 00:00:00
P0787,BOX-04,4,2024-01-01 00:00:00
P0788,BOX-04,4,2024-01-01 00:00:00
P0789,BOX-03,3,2024-01-01 00:00:00
P0790,BOX-03,3,2024-01-01 00:00:00
P0791,BOX-04,4,2024-01-01 00:00:00
P0792,BOX-04,4,2024-01-01 00:00:00
P0793,BOX-04,4,2024-01-01 00:00:00
P0794,BOX-04,4,2024-01-01 00:00:00
P0795,BOX-04,4,2024-01-01 00:00:00
P0796,BOX-06,6,2024-01-01 00:00:00
P0797,BOX-03,3,2024-01-01 00:00:00
P0798,BOX-02,2,2024-01-01 00:00:00
P0799,BOX-02,2,2024-01-01 00:00:00
P0800,BOX-06,6,2024-01-01 00:00:00
P0801,BOX-03,3,2024-01-01 00:00:00
P0802,BOX-04,4,2024-01-01 00:00:00
P0803,BOX-04,4,2024-01-01 00:00:00
P0804,BOX-04,4,2024-01-01 00:00:00
P0805,BOX-11,12,2024-01-01 00:00:00
P0807,BOX-04,4,2024-01-01 00:00:00
P0806,BOX-04,4,2024-01-01 00:00:00
P0809,BOX-04,4,2024-01-01 00:00:00
P0808,BOX-04,4,2024-01-01 00:00:00
P0810,BOX-06,6,2024-01-01 00:00:00
P0811,BOX-04,4,2024-01-01 00:00:00
P0812,BOX-06,6,2024-01-01 00:00:00
P0813,BOX-04,4,2024-01-01 00:00:00
P0814,BOX-04,4,2024-01-01 00:00:00
P0815,BOX-04,4,2024-01-01 00:00:00
P0816,BOX-11,12,2024-01-01 00:00:00
P0818,BOX-04,4,2024-01-01 00:00:00
P0817,BOX-04,4,2024-01-01 00:00:00
P0820,BOX-04,4,2024-01-01 00:00:00
P0819,BOX-04,4,2024-01-01 00:00:00
P0821,BOX-06,6,2024-01-01 00:00:00
P0822,BOX-04,4,2024-01-01 00:00:00
P0823,BOX-06,6,2024-01-01 00:00:00
P0824,BOX-04,4,2024-01-01 00:00:00
P0825,BOX-04,4,2024-01-01 00:00:00
P0826,BOX-04,4,2024-01-01 00:00:00
P0827,BOX-11,12,2024-01-01 00:00:00
P0828,BOX-03,3,2024-01-01 00:00:00
P0829,BOX-06,6,2024-01-01 00:00:00
P0830,BOX-11,12,2024-01-01 00:00:00
P0831,BOX-06,6,2024-01-01 00:00:00
P0832,BOX-04,4,2024-01-01 00:00:00
P0833,BOX-03,3,2024-01-01 00:00:00
P0834,BOX-11,12,2024-01-01 00:00:00
P0835,BOX-04,4,2024-01-01 00:00:00
P0836,BOX-04,4,2024-01-01 00:00:00
P0837,BOX-03,3,2024-01-01 00:00:00
P0838,BOX-04,4,2024-01-01 00:00:00
P0839,BOX-04,4,2024-01-01 00:00:00
P0840,BOX-03,3,2024-01-01 00:00:00
P0841,BOX-04,4,2024-01-01 00:00:00
P0842,BOX-03,3,2024-01-01 00:00:00
P0843,BOX-04,4,2024-01-01 00:00:00
P0844,BOX-06,6,2024-01-01 00:00:00
P0845,BOX-04,4,2024-01-01 00:00:00
P0846,BOX-04,4,2024-01-01 00:00:00
P0847,BOX-04,4,2024-01-01 00:00:00
P0848,BOX-04,4,2024-01-01 00:00:00
P0849,BOX-03,3,2024-01-01 00:00:00
P0850,BOX-06,6,2024-01-01 00:00:00
P0851,BOX-04,4,2024-01-01 00:00:00
P0852,BOX-04,4,2024-01-01 00:00:00
P0853,BOX-04,4,2024-01-01 00:00:00
P0854,BOX-11,12,2024-01-01 00:00:00
P0855,BOX-11,12,2024-01-01 00:00:00
P0856,BOX-11,12,2024-01-01 00:00:00
P0857,BOX-11,12,2024-01-01 00:00:00
P0858,BOX-06,6,2024-01-01 00:00:00
P0859,BOX-04,4,2024-01-01 00:00:00
P0860,BOX-03,3,2024-01-01 00:00:00
P0861,BOX-03,3,2024-01-01 00:00:00
P0862,BOX-11,12,2024-01-01 00:00:00
P0863,BOX-04,4,2024-01-01 00:00:00
P0864,BOX-04,4,2024-01-01 00:00:00
P0865,BOX-03,3,2024-01-01 00:00:00
P0866,BOX-11,12,2024-01-01 00:00:00
P0867,BOX-04,4,2024-01-01 00:00:00
P0868,BOX-04,4,2024-01-01 00:00:00
P0869,BOX-04,4,2024-01-01 00:00:00
P0870,BOX-04,4,2024-01-01 00:00:00
P0871,BOX-04,4,2024-01-01 00:00:00
P0872,BOX-04,4,2024-01-01 00:00:00
P0873,BOX-04,4,2024-01-01 00:00:00
P0874,BOX-11,12,2024-01-01 00:00:00
P0875,BOX-04,4,2024-01-01 00:00:00
P0876,BOX-06,6,2024-01-01 00:00:00
P0877,BOX-06,6,2024-01-01 00:00:00
P0878,BOX-06,6,2024-01-01 00:00:00
P0879,BOX-06,6,2024-01-01 00:00:00
P0880,BOX-03,3,2024-01-01 00:00:00
P0881,BOX-04,4,2024-01-01 00:00:00
P0882,BOX-04,4,2024-01-01 00:00:00
P0883,BOX-04,4,2024-01-01 00:00:00
P0884,BOX-03,3,2024-01-01 00:00:00
P0885,BOX-04,4,2024-01-01 00:00:00
P0886,BOX-03,3,2024-01-01 00:00:00
P0887,BOX-04,4,2024-01-01 00:00:00
P0888,BOX-03,3,2024-01-01 00:00:00
P0889,BOX-11,12,2024-01-01 00:00:00
P0890,BOX-04,4,2024-01-01 00:00:00
P0891,BOX-03,3,2024-01-01 00:00:00
P0892,BOX-11,12,2024-01-01 00:00:00
P0893,BOX-04,4,2024-01-01 00:00:00
P0894,BOX-04,4,2024-01-01 00:00:00
P0895,BOX-03,3,2024-01-01 00:00:00
P0896,BOX-06,6,2024-01-01 00:00:00
P0897,BOX-04,4,2024-01-01 00:00:00
P0898,BOX-04,4,2024-01-01 00:00:00
P0899,BOX-04,4,2024-01-01 00:00:00
P0900,BOX-06,6,2024-01-01 00:00:00
P0901,BOX-04,4,2024-01-01 00:00:00
P0902,BOX-04,4,2024-01-01 00:00:00
P0903,BOX-04,4,2024-01-01 00:00:00
P0904,BOX-06,6,2024-01-01 00:00:00
P0905,BOX-04,4,2024-01-01 00:00:00
P0906,BOX-04,4,2024-01-01 00:00:00
P0907,BOX-04,4,2024-01-01 00:00:00
P0908,BOX-06,6,2024-01-01 00:00:00
P0909,BOX-04,4,2024-01-01 00:00:00
P0910,BOX-04,4,2024-01-01 00:00:00
P0911,BOX-04,4,2024-01-01 00:00:00
P0912,BOX-04,4,2024-01-01 00:00:00
P0913,BOX-04,4,2024-01-01 00:00:00
P0914,BOX-04,4,2024-01-01 00:00:00
P0915,BOX-04,4,2024-01-01 00:00:00
P0916,BOX-04,4,2024-01-01 00:00:00
P0917,BOX-03,3,2024-01-01 00:00:00
P0918,BOX-03,3,2024-01-01 00:00:00
P0919,BOX-11,12,2024-01-01 00:00:00
P0920,BOX-03,3,2024-01-01 00:00:00
P0921,BOX-06,6,2024-01-01 00:00:00
P0922,BOX-03,3,2024-01-01 00:00:00
P0923,BOX-06,6,2024-01-01 00:00:00
P0924,BOX-11,12,2024-01-01 00:00:00
P0925,BOX-04,4,2024-01-01 00:00:00
P0926,BOX-03,3,2024-01-01 00:00:00
P0927,BOX-02,2,2024-01-01 00:00:00
P0928,BOX-06,6,2024-01-01 00:00:00
P0929,BOX-03,3,2024-01-01 00:00:00
P0930,BOX-02,2,2024-01-01 00:00:00
P0931,BOX-02,2,2024-01-01 00:00:00
P0932,BOX-11,12,2024-01-01 00:00:00
P0933,BOX-04,4,2024-01-01 00:00:00
P0934,BOX-04,4,2024-01-01 00:00:00
P0935,BOX-04,4,2024-01-01 00:00:00
P0936,BOX-06,6,2024-01-01 00:00:00
P0937,BOX-04,4,2024-01-01 00:00:00
P0938,BOX-04,4,2024-01-01 00:00:00
P0939,BOX-04,4,2024-01-01 00:00:00
P0940,BOX-11,12,2024-01-01 00:00:00
P0941,BOX-04,4,2024-01-01 00:00:00
P0942,BOX-04,4,2024-01-01 00:00:00
P0943,BOX-06,6,2024-01-01 00:00:00
P0944,BOX-06,6,2024-01-01 00:00:00
P0945,BOX-04,4,2024-01-01 00:00:00
P0946,BOX-04,4,2024-01-01 00:00:00
P0947,BOX-04,4,2024-01-01 00:00:00
P0948,BOX-04,4,2024-01-01 00:00:00
P0949,BOX-04,4,2024-01-01 00:00:00
P0950,BOX-06,6,2024-01-01 00:00:00
P0951,BOX-04,4,2024-01-01 00:00:00
P0952,BOX-04,4,2024-01-01 00:00:00
P0953,BOX-04,4,2024-01-01 00:00:00
P0954,BOX-04,4,2024-01-01 00:00:00
P0955,BOX-04,4,2024-01-01 00:00:00
P0956,BOX-04,4,2024-01-01 00:00:00
P0957,BOX-04,4,2024-01-01 00:00:00
P0958,BOX-04,4,2024-01-01 00:00:00
P0959,BOX-11,12,2024-01-01 00:00:00
P0960,BOX-11,12,2024-01-01 00:00:00
P0961,BOX-04,4,2024-01-01 00:00:00
P0962,BOX-04,4,2024-01-01 00:00:00
P0963,BOX-04,4,2024-01-01 00:00:00
P0964,BOX-04,4,2024-01-01 00:00:00
P0965,BOX-03,3,2024-01-01 00:00:00
P0966,BOX-04,4,2024-01-01 00:00:00
P0967,BOX-04,4,2024-01-01 00:00:00
P0968,BOX-06,6,2024-01-01 00:00:00
P0969,BOX-04,4,2024-01-01 00:00:00
P0970,BOX-03,3,2024-01-01 00:00:00
P0971,BOX-04,4,2024-01-01 00:00:00
P0972,BOX-04,4,2024-01-01 00:00:00
P0973,BOX-06,6,2024-01-01 00:00:00
P0974,BOX-04,4,2024-01-01 00:00:00
P0975,BOX-04,4,2024-01-01 00:00:00
P0976,BOX-04,4,2024-01-01 00:00:00
P0977,BOX-06,6,2024-01-01 00:00:00
P0978,BOX-04,4,2024-01-01 00:00:00
P0979,BOX-04,4,2024-01-01 00:00:00
P0980,BOX-03,3,2024-01-01 00:00:00
P0981,BOX-06,6,2024-01-01 00:00:00
P0982,BOX-06,6,2024-01-01 00:00:00
P0983,BOX-04,4,2024-01-01 00:00:00
P0984,BOX-03,3,2024-01-01 00:00:00
P0985,BOX-04,4,2024-01-01 00:00:00
P0986,BOX-04,4,2024-01-01 00:00:00
P0987,BOX-03,3,2024-01-01 00:00:00
P0988,BOX-04,4,2024-01-01 00:00:00
P0989,BOX-03,3,2024-01-01 00:00:00
P0990,BOX-04,4,2024-01-01 00:00:00
P0991,BOX-06,6,2024-01-01 00:00:00
P0992,BOX-04,4,2024-01-01 00:00:00
P0993,BOX-03,3,2024-01-01 00:00:00
P0994,BOX-06,6,2024-01-01 00:00:00
P0995,BOX-04,4,2024-01-01 00:00:00
P0996,BOX-04,4,2024-01-01 00:00:00
P0997,BOX-03,3,2024-01-01 00:00:00
P0998,BOX-04,4,2024-01-01 00:00:00
P0999,BOX-03,3,2024-01-01 00:00:00
P1000,BOX-04,4,2024-01-01 00:00:00
P1001,BOX-04,4,2024-01-01 00:00:00
P1002,BOX-03,3,2024-01-01 00:00:00
P1003,BOX-11,12,2024-01-01 00:00:00
P1004,BOX-03,3,2024-01-01 00:00:00
P1005,BOX-04,4,2024-01-01 00:00:00
P1006,BOX-03,3,2024-01-01 00:00:00
P1007,BOX-06,6,2024-01-01 00:00:00
P1008,BOX-06,6,2024-01-01 00:00:00
P1009,BOX-04,4,2024-01-01 00:00:00
P1010,BOX-04,4,2024-01-01 00:00:00
P1011,BOX-04,4,2024-01-01 00:00:00
P1012,BOX-04,4,2024-01-01 00:00:00
P1013,BOX-04,4,2024-01-01 00:00:00
P1014,BOX-04,4,2024-01-01 00:00:00
P1015,BOX-04,4,2024-01-01 00:00:00
P1016,BOX-04,4,2024-01-01 00:00:00
P1017,BOX-04,4,2024-01-01 00:00:00
P1018,BOX-04,4,2024-01-01 00:00:00
P1019,BOX-11,12,2024-01-01 00:00:00
P1020,BOX-11,12,2024-01-01 00:00:00
P1021,BOX-11,12,2024-01-01 00:00:00
P1022,BOX-11,12,2024-01-01 00:00:00
P1023,BOX-11,12,2024-01-01 00:00:00
P1024,BOX-11,12,2024-01-01 00:00:00
P1025,BOX-06,6,2024-01-01 00:00:00
P1026,BOX-04,4,2024-01-01 00:00:00
P1027,BOX-04,4,2024-01-01 00:00:00
P1028,BOX-06,6,2024-01-01 00:00:00
P1029,BOX-06,6,2024-01-01 00:00:00
P1030,BOX-03,3,2024-01-01 00:00:00
P1031,BOX-03,3,2024-01-01 00:00:00
P1032,BOX-06,6,2024-01-01 00:00:00
P1033,BOX-04,4,2024-01-01 00:00:00
P1034,BOX-04,4,2024-01-01 00:00:00
P1035,BOX-04,4,2024-01-01 00:00:00
P1036,BOX-04,4,2024-01-01 00:00:00
P1037,BOX-04,4,2024-01-01 00:00:00
P1038,BOX-03,3,2024-01-01 00:00:00
P1039,BOX-03,3,2024-01-01 00:00:00
P1040,BOX-06,6,2024-01-01 00:00:00
P1041,BOX-04,4,2024-01-01 00:00:00
P1042,BOX-04,4,2024-01-01 00:00:00
P1043,BOX-04,4,2024-01-01 00:00:00
P1044,BOX-04,4,2024-01-01 00:00:00
P1045,BOX-04,4,2024-01-01 00:00:00
P1046,BOX-04,4,2024-01-01 00:00:00
P1047,BOX-04,4,2024-01-01 00:00:00
P1048,BOX-04,4,2024-01-01 00:00:00
P1049,BOX-04,4,2024-01-01 00:00:00
P1050,BOX-03,3,2024-01-01 00:00:00
P1051,BOX-04,4,2024-01-01 00:00:00
P1052,BOX-04,4,2024-01-01 00:00:00
P1053,BOX-03,3,2024-01-01 00:00:00
P1054,BOX-04,4,2024-01-01 00:00:00
P1055,BOX-04,4,2024-01-01 00:00:00
P1056,BOX-04,4,2024-01-01 00:00:00
P1057,BOX-04,4,2024-01-01 00:00:00
P1058,BOX-06,6,2024-01-01 00:00:00
P1059,BOX-04,4,2024-01-01 00:00:00
P1060,BOX-04,4,2024-01-01 00:00:00
P1061,BOX-03,3,2024-01-01 00:00:00
P1062,BOX-04,4,2024-01-01 00:00:00
P1063,BOX-04,4,2024-01-01 00:00:00
P1064,BOX-03,3,2024-01-01 00:00:00
P1065,BOX-04,4,2024-01-01 00:00:00
P1066,BOX-11,12,2024-01-01 00:00:00
P1067,BOX-04,4,2024-01-01 00:00:00
P1068,BOX-04,4,2024-01-01 00:00:00
P1069,BOX-04,4,2024-01-01 00:00:00
P1070,BOX-03,3,2024-01-01 00:00:00
P1071,BOX-03,3,2024-01-01 00:00:00
P1072,BOX-04,4,2024-01-01 00:00:00
P1073,BOX-04,4,2024-01-01 00:00:00
P1074,BOX-06,6,2024-01-01 00:00:00
P1075,BOX-03,3,2024-01-01 00:00:00
P1076,BOX-03,3,2024-01-01 00:00:00
P1077,BOX-03,3,2024-01-01 00:00:00
P1078,BOX-03,3,2024-01-01 00:00:00
P1079,BOX-03,3,2024-01-01 00:00:00
P1080,BOX-03,3,2024-01-01 00:00:00
P1081,BOX-04,4,2024-01-01 00:00:00
P1082,BOX-03,3,2024-01-01 00:00:00
P1083,BOX-03,3,2024-01-01 00:00:00
P1084,BOX-03,3,2024-01-01 00:00:00
P1085,BOX-04,4,2024-01-01 00:00:00
P1086,BOX-03,3,2024-01-01 00:00:00
P1087,BOX-04,4,2024-01-01 00:00:00
P1088,BOX-06,6,2024-01-01 00:00:00
P1089,BOX-06,6,2024-01-01 00:00:00
P1090,BOX-06,6,2024-01-01 00:00:00
P1091,BOX-04,4,2024-01-01 00:00:00
P1092,BOX-04,4,2024-01-01 00:00:00
P1093,BOX-06,6,2024-01-01 00:00:00
P1094,BOX-06,6,2024-01-01 00:00:00
P1095,BOX-06,6,2024-01-01 00:00:00
P1096,BOX-06,6,2024-01-01 00:00:00
P1097,BOX-04,4,2024-01-01 00:00:00
P1098,BOX-03,3,2024-01-01 00:00:00
P1099,BOX-03,3,2024-01-01 00:00:00
P1100,BOX-06,6,2024-01-01 00:00:00
P1101,BOX-04,4,2024-01-01 00:00:00
P1102,BOX-03,3,2024-01-01 00:00:00
P1103,BOX-03,3,2024-01-01 00:00:00
P1104,BOX-15,24,2024-01-01 00:00:00
P1105,BOX-04,4,2024-01-01 00:00:00
P1106,BOX-04,4,2024-01-01 00:00:00
P1107,BOX-04,4,2024-01-01 00:00:00
P1108,BOX-04,4,2024-01-01 00:00:00
P1109,BOX-04,4,2024-01-01 00:00:00
P1110,BOX-06,6,2024-01-01 00:00:00
P1111,BOX-03,3,2024-01-01 00:00:00
P1112,BOX-03,3,2024-01-01 00:00:00
P1113,BOX-04,4,2024-01-01 00:00:00
P1114,BOX-04,4,2024-01-01 00:00:00
P1115,BOX-04,4,2024-01-01 00:00:00
P1116,BOX-04,4,2024-01-01 00:00:00
P1117,BOX-04,4,2024-01-01 00:00:00
P1118,BOX-04,4,2024-01-01 00:00:00
P1119,BOX-04,4,2024-01-01 00:00:00
P1120,BOX-11,12,2024-01-01 00:00:00
P1121,BOX-11,12,2024-01-01 00:00:00
P1122,BOX-11,12,2024-01-01 00:00:00
P1123,BOX-11,12,2024-01-01 00:00:00
P1124,BOX-11,12,2024-01-01 00:00:00
P1125,BOX-11,12,2024-01-01 00:00:00
P1126,BOX-11,12,2024-01-01 00:00:00
P1127,BOX-11,12,2024-01-01 00:00:00
P1128,BOX-04,4,2024-01-01 00:00:00
P1129,BOX-04,4,2024-01-01 00:00:00
P1130,BOX-04,4,2024-01-01 00:00:00
P1131,BOX-04,4,2024-01-01 00:00:00
P1132,BOX-04,4,2024-01-01 00:00:00
P1133,BOX-04,4,2024-01-01 00:00:00
P1134,BOX-06,6,2024-01-01 00:00:00
P1135,BOX-06,6,2024-01-01 00:00:00
P1136,BOX-04,4,2024-01-01 00:00:00
P1137,BOX-03,3,2024-01-01 00:00:00
P1138,BOX-03,3,2024-01-01 00:00:00
P1139,BOX-06,6,2024-01-01 00:00:00
P1140,BOX-06,6,2024-01-01 00:00:00
P1141,BOX-04,4,2024-01-01 00:00:00
P1142,BOX-03,3,2024-01-01 00:00:00
P1143,BOX-03,3,2024-01-01 00:00:00
P1144,BOX-04,4,2024-01-01 00:00:00
P1145,BOX-03,3,2024-01-01 00:00:00
P1146,BOX-03,3,2024-01-01 00:00:00
P1147,BOX-04,4,2024-01-01 00:00:00
P1148,BOX-04,4,2024-01-01 00:00:00
P1149,BOX-03,3,2024-01-01 00:00:00
P1150,BOX-03,3,2024-01-01 00:00:00
P1151,BOX-04,4,2024-01-01 00:00:00
P1152,BOX-04,4,2024-01-01 00:00:00
P1153,BOX-03,3,2024-01-01 00:00:00
P1154,BOX-04,4,2024-01-01 00:00:00
P1155,BOX-04,4,2024-01-01 00:00:00
P1156,BOX-04,4,2024-01-01 00:00:00
P1157,BOX-03,3,2024-01-01 00:00:00
P1158,BOX-03,3,2024-01-01 00:00:00
P1159,BOX-04,4,2024-01-01 00:00:00
P1160,BOX-04,4,2024-01-01 00:00:00
P1161,BOX-03,3,2024-01-01 00:00:00
P1162,BOX-03,3,2024-01-01 00:00:00
P1163,BOX-04,4,2024-01-01 00:00:00
P1164,BOX-04,4,2024-01-01 00:00:00
P1165,BOX-03,3,2024-01-01 00:00:00
P1166,BOX-03,3,2024-01-01 00:00:00
P1167,BOX-04,4,2024-01-01 00:00:00
P1168,BOX-06,6,2024-01-01 00:00:00
P1169,BOX-04,4,2024-01-01 00:00:00
P1170,BOX-04,4,2024-01-01 00:00:00
P1171,BOX-04,4,2024-01-01 00:00:00
P1172,BOX-04,4,2024-01-01 00:00:00
P1173,BOX-04,4,2024-01-01 00:00:00
P1174,BOX-04,4,2024-01-01 00:00:00
P1175,BOX-04,4,2024-01-01 00:00:00
P1176,BOX-06,6,2024-01-01 00:00:00
P1177,BOX-04,4,2024-01-01 00:00:00
P1178,BOX-04,4,2024-01-01 00:00:00
P1179,BOX-03,3,2024-01-01 00:00:00
P1180,BOX-06,6,2024-01-01 00:00:00
P1181,BOX-04,4,2024-01-01 00:00:00
P1182,BOX-03,3,2024-01-01 00:00:00
P1183,BOX-02,2,2024-01-01 00:00:00
P1184,BOX-04,4,2024-01-01 00:00:00
P1185,BOX-03,3,2024-01-01 00:00:00
P1186,BOX-02,2,2024-01-01 00:00:00
P1187,BOX-06,6,2024-01-01 00:00:00
P1188,BOX-03,3,2024-01-01 00:00:00
P1189,BOX-04,4,2024-01-01 00:00:00
P1190,BOX-11,12,2024-01-01 00:00:00
P1191,BOX-03,3,2024-01-01 00:00:00
P1192,BOX-06,6,2024-01-01 00:00:00
P1193,BOX-11,12,2024-01-01 00:00:00
P1194,BOX-06,6,2024-01-01 00:00:00
P1195,BOX-04,4,2024-01-01 00:00:00
P1196,BOX-03,3,2024-01-01 00:00:00
P1197,BOX-06,6,2024-01-01 00:00:00
P1198,BOX-06,6,2024-01-01 00:00:00
P1199,BOX-04,4,2024-01-01 00:00:00
P1200,BOX-03,3,2024-01-01 00:00:00
P1201,BOX-06,6,2024-01-01 00:00:00
P1202,BOX-04,4,2024-01-01 00:00:00
P1203,BOX-04,4,2024-01-01 00:00:00
P1204,BOX-03,3,2024-01-01 00:00:00
P1205,BOX-06,6,2024-01-01 00:00:00
P1206,BOX-04,4,2024-01-01 00:00:00
P1207,BOX-04,4,2024-01-01 00:00:00
P1208,BOX-03,3,2024-01-01 00:00:00
P1209,BOX-06,6,2024-01-01 00:00:00
P1210,BOX-04,4,2024-01-01 00:00:00
P1211,BOX-04,4,2024-01-01 00:00:00
P1212,BOX-04,4,2024-01-01 00:00:00
P1213,BOX-04,4,2024-01-01 00:00:00
P1214,BOX-06,6,2024-01-01 00:00:00
P1215,BOX-04,4,2024-01-01 00:00:00
P1216,BOX-04,4,2024-01-01 00:00:00
P1217,BOX-03,3,2024-01-01 00:00:00
P1218,BOX-06,6,2024-01-01 00:00:00
P1219,BOX-04,4,2024-01-01 00:00:00
P1220,BOX-03,3,2024-01-01 00:00:00
P1221,BOX-02,2,2024-01-01 00:00:00
P1222,BOX-02,2,2024-01-01 00:00:00
P1223,BOX-04,4,2024-01-01 00:00:00
P1224,BOX-04,4,2024-01-01 00:00:00
P1225,BOX-03,3,2024-01-01 00:00:00
P1226,BOX-11,12,2024-01-01 00:00:00
P1227,BOX-11,12,2024-01-01 00:00:00
P1228,BOX-11,12,2024-01-01 00:00:00
P1229,BOX-11,12,2024-01-01 00:00:00
P1230,BOX-11,12,2024-01-01 00:00:00
P1231,BOX-11,12,2024-01-01 00:00:00
P1232,BOX-11,12,2024-01-01 00:00:00
P1233,BOX-06,6,2024-01-01 00:00:00
P1234,BOX-03,3,2024-01-01 00:00:00
P1235,BOX-04,4,2024-01-01 00:00:00
P1236,BOX-04,4,2024-01-01 00:00:00
P1237,BOX-03,3,2024-01-01 00:00:00
P1238,BOX-03,3,2024-01-01 00:00:00
P1239,BOX-04,4,2024-01-01 00:00:00
P1240,BOX-06,6,2024-01-01 00:00:00
P1241,BOX-03,3,2024-01-01 00:00:00
P1242,BOX-03,3,2024-01-01 00:00:00
P1243,BOX-04,4,2024-01-01 00:00:00
P1244,BOX-06,6,2024-01-01 00:00:00
P1245,BOX-03,3,2024-01-01 00:00:00
P1246,BOX-03,3,2024-01-01 00:00:00
P1247,BOX-04,4,2024-01-01 00:00:00
P1248,BOX-11,12,2024-01-01 00:00:00
P1249,BOX-03,3,2024-01-01 00:00:00
P1250,BOX-04,4,2024-01-01 00:00:00
P1251,BOX-04,4,2024-01-01 00:00:00
P1252,BOX-04,4,2024-01-01 00:00:00
P1253,BOX-03,3,2024-01-01 00:00:00
P1254,BOX-11,12,2024-01-01 00:00:00
P1255,BOX-03,3,2024-01-01 00:00:00
P1256,BOX-04,4,2024-01-01 00:00:00
P1257,BOX-04,4,2024-01-01 00:00:00
P1258,BOX-03,3,2024-01-01 00:00:00
P1259,BOX-03,3,2024-01-01 00:00:00
P1260,BOX-06,6,2024-01-01 00:00:00
P1261,BOX-06,6,2024-01-01 00:00:00
P1262,BOX-04,4,2024-01-01 00:00:00
P1263,BOX-03,3,2024-01-01 00:00:00
P1264,BOX-03,3,2024-01-01 00:00:00
P1265,BOX-03,3,2024-01-01 00:00:00
P1266,BOX-06,6,2024-01-01 00:00:00
P1267,BOX-06,6,2024-01-01 00:00:00
P1268,BOX-04,4,2024-01-01 00:00:00
P1269,BOX-03,3,2024-01-01 00:00:00
P1270,BOX-03,3,2024-01-01 00:00:00
P1271,BOX-06,6,2024-01-01 00:00:00
P1272,BOX-04,4,2024-01-01 00:00:00
P1273,BOX-04,4,2024-01-01 00:00:00
P1274,BOX-04,4,2024-01-01 00:00:00
P1275,BOX-04,4,2024-01-01 00:00:00
P1276,BOX-04,4,2024-01-01 00:00:00
P1277,BOX-04,4,2024-01-01 00:00:00
P1278,BOX-04,4,2024-01-01 00:00:00
P1279,BOX-04,4,2024-01-01 00:00:00
P1280,BOX-04,4,2024-01-01 00:00:00
P1281,BOX-06,6,2024-01-01 00:00:00
P1282,BOX-04,4,2024-01-01 00:00:00
P1283,BOX-04,4,2024-01-01 00:00:00
P1284,BOX-03,3,2024-01-01 00:00:00
P1285,BOX-03,3,2024-01-01 00:00:00
P1286,BOX-11,12,2024-01-01 00:00:00
P1287,BOX-06,6,2024-01-01 00:00:00
P1288,BOX-04,4,2024-01-01 00:00:00
P1289,BOX-04,4,2024-01-01 00:00:00
P1290,BOX-11,12,2024-01-01 00:00:00
P1291,BOX-04,4,2024-01-01 00:00:00
P1292,BOX-04,4,2024-01-01 00:00:00
P1293,BOX-03,3,2024-01-01 00:00:00
P1294,BOX-04,4,2024-01-01 00:00:00
P1295,BOX-04,4,2024-01-01 00:00:00
P1296,BOX-04,4,2024-01-01 00:00:00
P1297,BOX-04,4,2024-01-01 00:00:00
P1298,BOX-04,4,2024-01-01 00:00:00
P1299,BOX-04,4,2024-01-01 00:00:00
P1300,BOX-11,12,2024-01-01 00:00:00
P1301,BOX-04,4,2024-01-01 00:00:00
P1302,BOX-04,4,2024-01-01 00:00:00
P1303,BOX-04,4,2024-01-01 00:00:00
P1304,BOX-04,4,2024-01-01 00:00:00
P1305,BOX-04,4,2024-01-01 00:00:00
P1306,BOX-04,4,2024-01-01 00:00:00
P1307,BOX-11,12,2024-01-01 00:00:00
P1308,BOX-04,4,2024-01-01 00:00:00
P1309,BOX-04,4,2024-01-01 00:00:00
P1310,BOX-04,4,2024-01-01 00:00:00
P1311,BOX-04,4,2024-01-01 00:00:00
P1312,BOX-06,6,2024-01-01 00:00:00
P1313,BOX-06,6,2024-01-01 00:00:00
P1314,BOX-04,4,2024-01-01 00:00:00
P1315,BOX-04,4,2024-01-01 00:00:00
P1316,BOX-04,4,2024-01-01 00:00:00
P1317,BOX-04,4,2024-01-01 00:00:00
P1318,BOX-06,6,2024-01-01 00:00:00
P1319,BOX-06,6,2024-01-01 00:00:00
P1320,BOX-04,4,2024-01-01 00:00:00
P1321,BOX-04,4,2024-01-01 00:00:00
P1322,BOX-04,4,2024-01-01 00:00:00
P1323,BOX-06,6,2024-01-01 00:00:00
P1324,BOX-03,3,2024-01-01 00:00:00
P1325,BOX-03,3,2024-01-01 00:00:00
P1326,BOX-04,4,2024-01-01 00:00:00
P1327,BOX-04,4,2024-01-01 00:00:00
P1328,BOX-04,4,2024-01-01 00:00:00
P1329,BOX-04,4,2024-01-01 00:00:00
P1330,BOX-06,6,2024-01-01 00:00:00
P1331,BOX-06,6,2024-01-01 00:00:00
P1332,BOX-04,4,2024-01-01 00:00:00
P1333,BOX-04,4,2024-01-01 00:00:00
P1334,BOX-04,4,2024-01-01 00:00:00
P1335,BOX-11,12,2024-01-01 00:00:00
P1336,BOX-11,12,2024-01-01 00:00:00
P1337,BOX-11,12,2024-01-01 00:00:00
P1338,BOX-11,12,2024-01-01 00:00:00
P1339,BOX-11,12,2024-01-01 00:00:00
P1340,BOX-06,6,2024-01-01 00:00:00
P1341,BOX-04,4,2024-01-01 00:00:00
P1342,BOX-04,4,2024-01-01 00:00:00
P1343,BOX-04,4,2024-01-01 00:00:00
P1344,BOX-04,4,2024-01-01 00:00:00
P1345,BOX-04,4,2024-01-01 00:00:00
P1346,BOX-04,4,2024-01-01 00:00:00
P1347,BOX-04,4,2024-01-01 00:00:00
P1348,BOX-04,4,2024-01-01 00:00:00
P1349,BOX-04,4,2024-01-01 00:00:00
P1350,BOX-04,4,2024-01-01 00:00:00
P1351,BOX-04,4,2024-01-01 00:00:00
P1352,BOX-04,4,2024-01-01 00:00:00
P1353,BOX-04,4,2024-01-01 00:00:00
P1354,BOX-04,4,2024-01-01 00:00:00
P1355,BOX-04,4,2024-01-01 00:00:00
P1356,BOX-04,4,2024-01-01 00:00:00
P1357,BOX-06,6,2024-01-01 00:00:00
P1358,BOX-04,4,2024-01-01 00:00:00
P1359,BOX-04,4,2024-01-01 00:00:00
P1360,BOX-04,4,2024-01-01 00:00:00
P1361,BOX-04,4,2024-01-01 00:00:00
P1362,BOX-04,4,2024-01-01 00:00:00
P1363,BOX-04,4,2024-01-01 00:00:00
P1364,BOX-04,4,2024-01-01 00:00:00
P1365,BOX-04,4,2024-01-01 00:00:00
P1366,BOX-06,6,2024-01-01 00:00:00
P1367,BOX-04,4,2024-01-01 00:00:00
P1368,BOX-04,4,2024-01-01 00:00:00
P1369,BOX-04,4,2024-01-01 00:00:00
P1370,BOX-04,4,2024-01-01 00:00:00
P1371,BOX-11,12,2024-01-01 00:00:00
P1372,BOX-06,6,2024-01-01 00:00:00
P1373,BOX-04,4,2024-01-01 00:00:00
P1374,BOX-03,3,2024-01-01 00:00:00
P1375,BOX-04,4,2024-01-01 00:00:00
P1376,BOX-04,4,2024-01-01 00:00:00
P1377,BOX-02,2,2024-01-01 00:00:00
P1378,BOX-03,3,2024-01-01 00:00:00
P1379,BOX-04,4,2024-01-01 00:00:00
P1380,BOX-03,3,2024-01-01 00:00:00
P1381,BOX-03,3,2024-01-01 00:00:00
P1382,BOX-04,4,2024-01-01 00:00:00
P1383,BOX-03,3,2024-01-01 00:00:00
P1384,BOX-03,3,2024-01-01 00:00:00
P1385,BOX-04,4,2024-01-01 00:00:00
P1386,BOX-03,3,2024-01-01 00:00:00
P1387,BOX-04,4,2024-01-01 00:00:00
P1388,BOX-04,4,2024-01-01 00:00:00
P1389,BOX-03,3,2024-01-01 00:00:00
P1390,BOX-04,4,2024-01-01 00:00:00
P1391,BOX-04,4,2024-01-01 00:00:00
P1392,BOX-04,4,2024-01-01 00:00:00
P1393,BOX-03,3,2024-01-01 00:00:00
P1394,BOX-04,4,2024-01-01 00:00:00
P1395,BOX-04,4,2024-01-01 00:00:00
P1396,BOX-03,3,2024-01-01 00:00:00
P1397,BOX-04,4,2024-01-01 00:00:00
P1398,BOX-04,4,2024-01-01 00:00:00
P1399,BOX-04,4,2024-01-01 00:00:00
P1400,BOX-04,4,2024-01-01 00:00:00
P1401,BOX-04,4,2024-01-01 00:00:00
P1402,BOX-04,4,2024-01-01 00:00:00
P1403,BOX-04,4,2024-01-01 00:00:00
P1404,BOX-04,4,2024-01-01 00:00:00
P1405,BOX-04,4,2024-01-01 00:00:00
P1406,BOX-04,4,2024-01-01 00:00:00
P1407,BOX-04,4,2024-01-01 00:00:00
P1408,BOX-04,4,2024-01-01 00:00:00
P1409,BOX-11,12,2024-01-01 00:00:00
P1410,BOX-04,4,2024-01-01 00:00:00
P1411,BOX-11,12,2024-01-01 00:00:00
P1412,BOX-04,4,2024-01-01 00:00:00
P1413,BOX-04,4,2024-01-01 00:00:00
P1414,BOX-04,4,2024-01-01 00:00:00
P1415,BOX-04,4,2024-01-01 00:00:00
P1416,BOX-04,4,2024-01-01 00:00:00
P1417,BOX-04,4,2024-01-01 00:00:00
P1418,BOX-11,12,2024-01-01 00:00:00
P1419,BOX-04,4,2024-01-01 00:00:00
P1420,BOX-11,12,2024-01-01 00:00:00
P1421,BOX-04,4,2024-01-01 00:00:00
P1422,BOX-04,4,2024-01-01 00:00:00
P1423,BOX-04,4,2024-01-01 00:00:00
P1424,BOX-04,4,2024-01-01 00:00:00
P1425,BOX-06,6,2024-01-01 00:00:00
P1426,BOX-04,4,2024-01-01 00:00:00
P1427,BOX-04,4,2024-01-01 00:00:00
P1428,BOX-04,4,2024-01-01 00:00:00
P1429,BOX-04,4,2024-01-01 00:00:00
P1430,BOX-04,4,2024-01-01 00:00:00
P1431,BOX-04,4,2024-01-01 00:00:00
P1432,BOX-04,4,2024-01-01 00:00:00
P1433,BOX-04,4,2024-01-01 00:00:00
P1434,BOX-03,3,2024-01-01 00:00:00
P1435,BOX-06,6,2024-01-01 00:00:00
P1436,BOX-04,4,2024-01-01 00:00:00
P1437,BOX-04,4,2024-01-01 00:00:00
P1438,BOX-04,4,2024-01-01 00:00:00
P1439,BOX-04,4,2024-01-01 00:00:00
P1440,BOX-04,4,2024-01-01 00:00:00
P1441,BOX-04,4,2024-01-01 00:00:00
P1442,BOX-04,4,2024-01-01 00:00:00
P1443,BOX-06,6,2024-01-01 00:00:00
P1444,BOX-04,4,2024-01-01 00:00:00
P1445,BOX-04,4,2024-01-01 00:00:00
P1446,BOX-06,6,2024-01-01 00:00:00
P1447,BOX-04,4,2024-01-01 00:00:00
P1448,BOX-04,4,2024-01-01 00:00:00
P1449,BOX-04,4,2024-01-01 00:00:00
P1450,BOX-04,4,2024-01-01 00:00:00
P1451,BOX-04,4,2024-01-01 00:00:00
P1452,BOX-04,4,2024-01-01 00:00:00
P1453,BOX-06,6,2024-01-01 00:00:00
P1454,BOX-03,3,2024-01-01 00:00:00
P1455,BOX-04,4,2024-01-01 00:00:00
P1456,BOX-03,3,2024-01-01 00:00:00
P1457,BOX-15,24,2024-01-01 00:00:00
P1458,BOX-04,4,2024-01-01 00:00:00
P1459,BOX-04,4,2024-01-01 00:00:00
P1460,BOX-03,3,2024-01-01 00:00:00
P1461,BOX-03,3,2024-01-01 00:00:00
P1462,BOX-15,24,2024-01-01 00:00:00
P1463,BOX-04,4,2024-01-01 00:00:00
P1464,BOX-04,4,2024-01-01 00:00:00
P1465,BOX-03,3,2024-01-01 00:00:00
P1466,BOX-03,3,2024-01-01 00:00:00
P1467,BOX-06,6,2024-01-01 00:00:00
P1468,BOX-04,4,2024-01-01 00:00:00
P1469,BOX-04,4,2024-01-01 00:00:00
P1470,BOX-04,4,2024-01-01 00:00:00
P1471,BOX-04,4,2024-01-01 00:00:00
P1472,BOX-04,4,2024-01-01 00:00:00
P1473,BOX-06,6,2024-01-01 00:00:00
P1474,BOX-06,6,2024-01-01 00:00:00
P1475,BOX-04,4,2024-01-01 00:00:00
P1476,BOX-04,4,2024-01-01 00:00:00
P1477,BOX-03,3,2024-01-01 00:00:00
P1478,BOX-04,4,2024-01-01 00:00:00
P1479,BOX-04,4,2024-01-01 00:00:00
P1480,BOX-04,4,2024-01-01 00:00:00
P1481,BOX-04,4,2024-01-01 00:00:00
P1482,BOX-06,6,2024-01-01 00:00:00
P1483,BOX-06,6,2024-01-01 00:00:00
P1484,BOX-04,4,2024-01-01 00:00:00
P1485,BOX-04,4,2024-01-01 00:00:00
P1486,BOX-03,3,2024-01-01 00:00:00
P1487,BOX-04,4,2024-01-01 00:00:00
P1488,BOX-04,4,2024-01-01 00:00:00
P1489,BOX-04,4,2024-01-01 00:00:00
P1490,BOX-04,4,2024-01-01 00:00:00
P1491,BOX-06,6,2024-01-01 00:00:00
P1492,BOX-04,4,2024-01-01 00:00:00
P1493,BOX-04,4,2024-01-01 00:00:00
P1494,BOX-04,4,2024-01-01 00:00:00
P1495,BOX-04,4,2024-01-01 00:00:00
P1496,BOX-04,4,2024-01-01 00:00:00
P1497,BOX-04,4,2024-01-01 00:00:00
P1498,BOX-06,6,2024-01-01 00:00:00
P1500,BOX-04,4,2024-01-01 00:00:00
P1499,BOX-04,4,2024-01-01 00:00:00
P1502,BOX-04,4,2024-01-01 00:00:00
P1501,BOX-04,4,2024-01-01 00:00:00
P1503,BOX-04,4,2024-01-01 00:00:00
P1504,BOX-04,4,2024-01-01 00:00:00
P1505,BOX-04,4,2024-01-01 00:00:00
P1506,BOX-04,4,2024-01-01 00:00:00
P1507,BOX-04,4,2024-01-01 00:00:00
P1508,BOX-04,4,2024-01-01 00:00:00
P1509,BOX-04,4,2024-01-01 00:00:00
P1510,BOX-04,4,2024-01-01 00:00:00
P1511,BOX-04,4,2024-01-01 00:00:00
P1512,BOX-03,3,2024-01-01 00:00:00
P1513,BOX-03,3,2024-01-01 00:00:00
P1514,BOX-04,4,2024-01-01 00:00:00
P1515,BOX-03,3,2024-01-01 00:00:00
P1516,BOX-04,4,2024-01-01 00:00:00
P1517,BOX-04,4,2024-01-01 00:00:00
P1518,BOX-04,4,2024-01-01 00:00:00
P1519,BOX-04,4,2024-01-01 00:00:00
P1520,BOX-03,3,2024-01-01 00:00:00
P1521,BOX-04,4,2024-01-01 00:00:00
P1522,BOX-03,3,2024-01-01 00:00:00
P1523,BOX-04,4,2024-01-01 00:00:00
P1524,BOX-03,3,2024-01-01 00:00:00
P1525,BOX-06,6,2024-01-01 00:00:00
P1526,BOX-04,4,2024-01-01 00:00:00
P1527,BOX-11,12,2024-01-01 00:00:00
P1528,BOX-11,12,2024-01-01 00:00:00
P1529,BOX-11,12,2024-01-01 00:00:00
P1530,BOX-11,12,2024-01-01 00:00:00
P1531,BOX-04,4,2024-01-01 00:00:00
P1532,BOX-04,4,2024-01-01 00:00:00
P1533,BOX-04,4,2024-01-01 00:00:00
P1534,BOX-06,6,2024-01-01 00:00:00
P1535,BOX-04,4,2024-01-01 00:00:00
P1536,BOX-04,4,2024-01-01 00:00:00
P1537,BOX-03,3,2024-01-01 00:00:00
P1538,BOX-06,6,2024-01-01 00:00:00
P1539,BOX-04,4,2024-01-01 00:00:00
P1540,BOX-04,4,2024-01-01 00:00:00
P1541,BOX-03,3,2024-01-01 00:00:00
P1542,BOX-06,6,2024-01-01 00:00:00
P1543,BOX-04,4,2024-01-01 00:00:00
P1544,BOX-04,4,2024-01-01 00:00:00
P1545,BOX-04,4,2024-01-01 00:00:00
P1546,BOX-04,4,2024-01-01 00:00:00
P1547,BOX-03,3,2024-01-01 00:00:00
P1548,BOX-04,4,2024-01-01 00:00:00
P1549,BOX-04,4,2024-01-01 00:00:00
P1550,BOX-04,4,2024-01-01 00:00:00
P1551,BOX-04,4,2024-01-01 00:00:00
P1552,BOX-06,6,2024-01-01 00:00:00
P1553,BOX-04,4,2024-01-01 00:00:00
P1554,BOX-04,4,2024-01-01 00:00:00
P1555,BOX-04,4,2024-01-01 00:00:00
P1556,BOX-04,4,2024-01-01 00:00:00
P1557,BOX-03,3,2024-01-01 00:00:00
P1558,BOX-04,4,2024-01-01 00:00:00
P1559,BOX-04,4,2024-01-01 00:00:00
P1560,BOX-04,4,2024-01-01 00:00:00
P1561,BOX-04,4,2024-01-01 00:00:00
P1562,BOX-06,6,2024-01-01 00:00:00
P1563,BOX-04,4,2024-01-01 00:00:00
P1564,BOX-04,4,2024-01-01 00:00:00
P1565,BOX-04,4,2024-01-01 00:00:00
P1566,BOX-04,4,2024-01-01 00:00:00
P1567,BOX-03,3,2024-01-01 00:00:00
P1568,BOX-04,4,2024-01-01 00:00:00
P1569,BOX-04,4,2024-01-01 00:00:00
P1570,BOX-04,4,2024-01-01 00:00:00
P1571,BOX-04,4,2024-01-01 00:00:00
P1572,BOX-06,6,2024-01-01 00:00:00
P1573,BOX-04,4,2024-01-01 00:00:00
P1574,BOX-04,4,2024-01-01 00:00:00
P1575,BOX-04,4,2024-01-01 00:00:00
P1576,BOX-04,4,2024-01-01 00:00:00
P1577,BOX-03,3,2024-01-01 00:00:00
P1578,BOX-04,4,2024-01-01 00:00:00
P1579,BOX-04,4,2024-01-01 00:00:00
P1580,BOX-04,4,2024-01-01 00:00:00
P1581,BOX-04,4,2024-01-01 00:00:00
P1582,BOX-11,12,2024-01-01 00:00:00
P1583,BOX-03,3,2024-01-01 00:00:00
P1584,BOX-03,3,2024-01-01 00:00:00
P1585,BOX-04,4,2024-01-01 00:00:00
P1586,BOX-03,3,2024-01-01 00:00:00
P1587,BOX-02,2,2024-01-01 00:00:00
P1588,BOX-04,4,2024-01-01 00:00:00
P1589,BOX-03,3,2024-01-01 00:00:00
P1590,BOX-03,3,2024-01-01 00:00:00
P1591,BOX-03,3,2024-01-01 00:00:00
P1592,BOX-06,6,2024-01-01 00:00:00
P1593,BOX-04,4,2024-01-01 00:00:00
P1594,BOX-04,4,2024-01-01 00:00:00
P1595,BOX-04,4,2024-01-01 00:00:00
P1596,BOX-04,4,2024-01-01 00:00:00
P1597,BOX-04,4,2024-01-01 00:00:00
P1598,BOX-04,4,2024-01-01 00:00:00
P1599,BOX-04,4,2024-01-01 00:00:00
P1600,BOX-04,4,2024-01-01 00:00:00
P1601,BOX-04,4,2024-01-01 00:00:00
P1602,BOX-03,3,2024-01-01 00:00:00
P1603,BOX-04,4,2024-01-01 00:00:00
P1604,BOX-04,4,2024-01-01 00:00:00
P1605,BOX-03,3,2024-01-01 00:00:00
P1606,BOX-04,4,2024-01-01 00:00:00
P1607,BOX-11,12,2024-01-01 00:00:00
P1608,BOX-04,4,2024-01-01 00:00:00
P1609,BOX-04,4,2024-01-01 00:00:00
P1610,BOX-03,3,2024-01-01 00:00:00
P1611,BOX-11,12,2024-01-01 00:00:00
P1612,BOX-11,12,2024-01-01 00:00:00
P1613,BOX-06,6,2024-01-01 00:00:00
P1614,BOX-11,12,2024-01-01 00:00:00
P1615,BOX-04,4,2024-01-01 00:00:00
P1616,BOX-04,4,2024-01-01 00:00:00
P1617,BOX-04,4,2024-01-01 00:00:00
P1618,BOX-04,4,2024-01-01 00:00:00
P1619,BOX-04,4,2024-01-01 00:00:00
P1620,BOX-04,4,2024-01-01 00:00:00
P1621,BOX-04,4,2024-01-01 00:00:00
P1622,BOX-04,4,2024-01-01 00:00:00
P1623,BOX-04,4,2024-01-01 00:00:00
P1624,BOX-04,4,2024-01-01 00:00:00
P1625,BOX-04,4,2024-01-01 00:00:00
P1626,BOX-04,4,2024-01-01 00:00:00
P1627,BOX-04,4,2024-01-01 00:00:00
P1628,BOX-11,12,2024-01-01 00:00:00
P1629,BOX-04,4,2024-01-01 00:00:00
P1630,BOX-04,4,2024-01-01 00:00:00
P1631,BOX-04,4,2024-01-01 00:00:00
P1632,BOX-06,6,2024-01-01 00:00:00
P1633,BOX-04,4,2024-01-01 00:00:00
P1634,BOX-04,4,2024-01-01 00:00:00
P1635,BOX-04,4,2024-01-01 00:00:00
P1636,BOX-03,3,2024-01-01 00:00:00
P1637,BOX-11,12,2024-01-01 00:00:00
P1638,BOX-04,4,2024-01-01 00:00:00
P1639,BOX-04,4,2024-01-01 00:00:00
P1640,BOX-03,3,2024-01-01 00:00:00
P1641,BOX-06,6,2024-01-01 00:00:00
P1642,BOX-04,4,2024-01-01 00:00:00
P1643,BOX-04,4,2024-01-01 00:00:00
P1644,BOX-04,4,2024-01-01 00:00:00
P1645,BOX-04,4,2024-01-01 00:00:00
P1646,BOX-04,4,2024-01-01 00:00:00
P1647,BOX-04,4,2024-01-01 00:00:00
P1648,BOX-04,4,2024-01-01 00:00:00
P1649,BOX-03,3,2024-01-01 00:00:00
P1650,BOX-04,4,2024-01-01 00:00:00
P1651,BOX-04,4,2024-01-01 00:00:00
P1652,BOX-03,3,2024-01-01 00:00:00
P1653,BOX-04,4,2024-01-01 00:00:00
P1654,BOX-06,6,2024-01-01 00:00:00
P1655,BOX-04,4,2024-01-01 00:00:00
P1656,BOX-04,4,2024-01-01 00:00:00
P1657,BOX-04,4,2024-01-01 00:00:00
P1658,BOX-04,4,2024-01-01 00:00:00
P1659,BOX-11,12,2024-01-01 00:00:00
P1660,BOX-04,4,2024-01-01 00:00:00
P1661,BOX-04,4,2024-01-01 00:00:00
P1662,BOX-04,4,2024-01-01 00:00:00
P1663,BOX-06,6,2024-01-01 00:00:00
P1664,BOX-04,4,2024-01-01 00:00:00
P1665,BOX-04,4,2024-01-01 00:00:00
P1666,BOX-04,4,2024-01-01 00:00:00
P1667,BOX-04,4,2024-01-01 00:00:00
P1668,BOX-06,6,2024-01-01 00:00:00
P1669,BOX-02,2,2024-01-01 00:00:00
P1670,BOX-01,1,2024-01-01 00:00:00
P1671,BOX-01,1,2024-01-01 00:00:00
P1672,BOX-02,2,2024-01-01 00:00:00
P1673,BOX-02,2,2024-01-01 00:00:00
P1674,BOX-02,2,2024-01-01 00:00:00
P1675,BOX-03,3,2024-01-01 00:00:00
P1676,BOX-04,4,2024-01-01 00:00:00
P1677,BOX-06,6,2024-01-01 00:00:00
P1678,BOX-02,2,2024-01-01 00:00:00
P1679,BOX-01,1,2024-01-01 00:00:00
P1680,BOX-01,1,2024-01-01 00:00:00
P1681,BOX-02,2,2024-01-01 00:00:00
P1682,BOX-02,2,2024-01-01 00:00:00
P1683,BOX-02,2,2024-01-01 00:00:00
P1684,BOX-03,3,2024-01-01 00:00:00
P1685,BOX-06,6,2024-01-01 00:00:00
P1686,BOX-06,6,2024-01-01 00:00:00
P1687,BOX-04,4,2024-01-01 00:00:00
P1688,BOX-04,4,2024-01-01 00:00:00
P1689,BOX-03,3,2024-01-01 00:00:00
P1690,BOX-04,4,2024-01-01 00:00:00
P1691,BOX-04,4,2024-01-01 00:00:00
P1692,BOX-04,4,2024-01-01 00:00:00
P1693,BOX-04,4,2024-01-01 00:00:00
P1694,BOX-06,6,2024-01-01 00:00:00
P1695,BOX-06,6,2024-01-01 00:00:00
P1696,BOX-04,4,2024-01-01 00:00:00
P1697,BOX-04,4,2024-01-01 00:00:00
P1698,BOX-03,3,2024-01-01 00:00:00
P1699,BOX-04,4,2024-01-01 00:00:00
P1700,BOX-04,4,2024-01-01 00:00:00
P1701,BOX-04,4,2024-01-01 00:00:00
P1702,BOX-04,4,2024-01-01 00:00:00
P1703,BOX-04,4,2024-01-01 00:00:00
P1704,BOX-04,4,2024-01-01 00:00:00
P1705,BOX-03,3,2024-01-01 00:00:00
P1706,BOX-02,2,2024-01-01 00:00:00
P1707,BOX-02,2,2024-01-01 00:00:00
P1708,BOX-04,4,2024-01-01 00:00:00
P1709,BOX-03,3,2024-01-01 00:00:00
P1710,BOX-03,3,2024-01-01 00:00:00
P1711,BOX-03,3,2024-01-01 00:00:00
P1712,BOX-11,12,2024-01-01 00:00:00
P1713,BOX-04,4,2024-01-01 00:00:00
P1714,BOX-04,4,2024-01-01 00:00:00
P1715,BOX-03,3,2024-01-01 00:00:00
P1716,BOX-11,12,2024-01-01 00:00:00
P1717,BOX-04,4,2024-01-01 00:00:00
P1718,BOX-04,4,2024-01-01 00:00:00
P1719,BOX-03,3,2024-01-01 00:00:00
P1720,BOX-06,6,2024-01-01 00:00:00
P1721,BOX-04,4,2024-01-01 00:00:00
P1722,BOX-04,4,2024-01-01 00:00:00
P1723,BOX-04,4,2024-01-01 00:00:00
P1724,BOX-04,4,2024-01-01 00:00:00
P1725,BOX-04,4,2024-01-01 00:00:00
P1726,BOX-04,4,2024-01-01 00:00:00
P1727,BOX-04,4,2024-01-01 00:00:00
P1728,BOX-04,4,2024-01-01 00:00:00
P1729,BOX-02,2,2024-01-01 00:00:00
P1730,BOX-02,2,2024-01-01 00:00:00
P1731,BOX-03,3,2024-01-01 00:00:00
P1732,BOX-11,12,2024-01-01 00:00:00
P1733,BOX-04,4,2024-01-01 00:00:00
P1734,BOX-03,3,2024-01-01 00:00:00
P1735,BOX-03,3,2024-01-01 00:00:00
P1736,BOX-06,6,2024-01-01 00:00:00
P1737,BOX-03,3,2024-01-01 00:00:00
P1738,BOX-03,3,2024-01-01 00:00:00
P1739,BOX-06,6,2024-01-01 00:00:00
P1740,BOX-04,4,2024-01-01 00:00:00
P1741,BOX-04,4,2024-01-01 00:00:00
P1742,BOX-03,3,2024-01-01 00:00:00
P1743,BOX-06,6,2024-01-01 00:00:00
P1744,BOX-04,4,2024-01-01 00:00:00
P1745,BOX-04,4,2024-01-01 00:00:00
P1746,BOX-03,3,2024-01-01 00:00:00
P1747,BOX-11,12,2024-01-01 00:00:00
P1748,BOX-06,6,2024-01-01 00:00:00
P1749,BOX-04,4,2024-01-01 00:00:00
P1750,BOX-04,4,2024-01-01 00:00:00
P1751,BOX-06,6,2024-01-01 00:00:00
P1752,BOX-04,4,2024-01-01 00:00:00
P1753,BOX-04,4,2024-01-01 00:00:00
P1754,BOX-04,4,2024-01-01 00:00:00
P1755,BOX-04,4,2024-01-01 00:00:00
P1756,BOX-06,6,2024-01-01 00:00:00
P1757,BOX-04,4,2024-01-01 00:00:00
P1758,BOX-04,4,2024-01-01 00:00:00
P1759,BOX-04,4,2024-01-01 00:00:00
P1760,BOX-04,4,2024-01-01 00:00:00
P1761,BOX-04,4,2024-01-01 00:00:00
P1762,BOX-04,4,2024-01-01 00:00:00
P1763,BOX-06,6,2024-01-01 00:00:00
P1764,BOX-04,4,2024-01-01 00:00:00
P1765,BOX-04,4,2024-01-01 00:00:00
P1766,BOX-03,3,2024-01-01 00:00:00
P1767,BOX-06,6,2024-01-01 00:00:00
P1768,BOX-04,4,2024-01-01 00:00:00
P1769,BOX-04,4,2024-01-01 00:00:00
P1770,BOX-03,3,2024-01-01 00:00:00
P1771,BOX-06,6,2024-01-01 00:00:00
P1772,BOX-04,4,2024-01-01 00:00:00
P1773,BOX-04,4,2024-01-01 00:00:00
P1774,BOX-03,3,2024-01-01 00:00:00
P1775,BOX-04,4,2024-01-01 00:00:00
P1776,BOX-03,3,2024-01-01 00:00:00
P1777,BOX-04,4,2024-01-01 00:00:00
P1778,BOX-04,4,2024-01-01 00:00:00
P1779,BOX-03,3,2024-01-01 00:00:00
P1780,BOX-04,4,2024-01-01 00:00:00
P1781,BOX-04,4,2024-01-01 00:00:00
P1782,BOX-04,4,2024-01-01 00:00:00
P1783,BOX-04,4,2024-01-01 00:00:00
P1784,BOX-04,4,2024-01-01 00:00:00
P1785,BOX-04,4,2024-01-01 00:00:00
P1786,BOX-04,4,2024-01-01 00:00:00
P1787,BOX-04,4,2024-01-01 00:00:00
P1788,BOX-04,4,2024-01-01 00:00:00
P1789,BOX-04,4,2024-01-01 00:00:00
P1790,BOX-04,4,2024-01-01 00:00:00
P1791,BOX-04,4,2024-01-01 00:00:00
P1792,BOX-03,3,2024-01-01 00:00:00
P1793,BOX-03,3,2024-01-01 00:00:00
P1794,BOX-06,6,2024-01-01 00:00:00
P1795,BOX-03,3,2024-01-01 00:00:00
P1796,BOX-03,3,2024-01-01 00:00:00
P1797,BOX-03,3,2024-01-01 00:00:00
P1798,BOX-03,3,2024-01-01 00:00:00
P1799,BOX-06,6,2024-01-01 00:00:00
P1800,BOX-03,3,2024-01-01 00:00:00
P1801,BOX-03,3,2024-01-01 00:00:00
P1802,BOX-04,4,2024-01-01 00:00:00
P1803,BOX-04,4,2024-01-01 00:00:00
P1804,BOX-04,4,2024-01-01 00:00:00
P1805,BOX-03,3,2024-01-01 00:00:00
P1806,BOX-03,3,2024-01-01 00:00:00
P1807,BOX-03,3,2024-01-01 00:00:00
P1808,BOX-03,3,2024-01-01 00:00:00
P1809,BOX-04,4,2024-01-01 00:00:00
P1810,BOX-04,4,2024-01-01 00:00:00
P1811,BOX-04,4,2024-01-01 00:00:00
P1812,BOX-04,4,2024-01-01 00:00:00
P1813,BOX-06,6,2024-01-01 00:00:00
P1814,BOX-06,6,2024-01-01 00:00:00
P1815,BOX-04,4,2024-01-01 00:00:00
P1816,BOX-04,4,2024-01-01 00:00:00
P1817,BOX-04,4,2024-01-01 00:00:00
P1818,BOX-04,4,2024-01-01 00:00:00
P1819,BOX-04,4,2024-01-01 00:00:00
P1820,BOX-04,4,2024-01-01 00:00:00
P1821,BOX-03,3,2024-01-01 00:00:00
P1822,BOX-04,4,2024-01-01 00:00:00
P1823,BOX-04,4,2024-01-01 00:00:00
P1824,BOX-04,4,2024-01-01 00:00:00
P1825,BOX-04,4,2024-01-01 00:00:00
P1826,BOX-04,4,2024-01-01 00:00:00
P1827,BOX-04,4,2024-01-01 00:00:00
P1828,BOX-04,4,2024-01-01 00:00:00
P1829,BOX-04,4,2024-01-01 00:00:00
P1830,BOX-04,4,2024-01-01 00:00:00
P1831,BOX-04,4,2024-01-01 00:00:00
P1832,BOX-04,4,2024-01-01 00:00:00
P1833,BOX-04,4,2024-01-01 00:00:00
P1834,BOX-04,4,2024-01-01 00:00:00
P1835,BOX-04,4,2024-01-01 00:00:00
P1836,BOX-06,6,2024-01-01 00:00:00
P1837,BOX-04,4,2024-01-01 00:00:00
P1838,BOX-04,4,2024-01-01 00:00:00
P1839,BOX-04,4,2024-01-01 00:00:00
P1840,BOX-04,4,2024-01-01 00:00:00
P1841,BOX-04,4,2024-01-01 00:00:00
P1842,BOX-04,4,2024-01-01 00:00:00
P1843,BOX-04,4,2024-01-01 00:00:00
P1844,BOX-04,4,2024-01-01 00:00:00
P1845,BOX-04,4,2024-01-01 00:00:00
P1846,BOX-04,4,2024-01-01 00:00:00
P1847,BOX-04,4,2024-01-01 00:00:00
P1848,BOX-04,4,2024-01-01 00:00:00
P1849,BOX-11,12,2024-01-01 00:00:00
P1850,BOX-04,4,2024-01-01 00:00:00
P1851,BOX-06,6,2024-01-01 00:00:00
P1852,BOX-06,6,2024-01-01 00:00:00
P1853,BOX-03,3,2024-01-01 00:00:00
P1854,BOX-04,4,2024-01-01 00:00:00
P1855,BOX-11,12,2024-01-01 00:00:00
P1856,BOX-04,4,2024-01-01 00:00:00
P1857,BOX-06,6,2024-01-01 00:00:00
P1858,BOX-06,6,2024-01-01 00:00:00
P1859,BOX-03,3,2024-01-01 00:00:00
P1860,BOX-04,4,2024-01-01 00:00:00
P1861,BOX-04,4,2024-01-01 00:00:00
P1862,BOX-04,4,2024-01-01 00:00:00
P1863,BOX-04,4,2024-01-01 00:00:00
P1864,BOX-04,4,2024-01-01 00:00:00
P1865,BOX-03,3,2024-01-01 00:00:00
P1866,BOX-04,4,2024-01-01 00:00:00
P1867,BOX-04,4,2024-01-01 00:00:00
P1868,BOX-04,4,2024-01-01 00:00:00
P1869,BOX-04,4,2024-01-01 00:00:00
P1870,BOX-03,3,2024-01-01 00:00:00
P1871,BOX-04,4,2024-01-01 00:00:00
P1872,BOX-04,4,2024-01-01 00:00:00
P1873,BOX-04,4,2024-01-01 00:00:00
P1874,BOX-04,4,2024-01-01 00:00:00
P1875,BOX-04,4,2024-01-01 00:00:00
P1876,BOX-04,4,2024-01-01 00:00:00
P1877,BOX-03,3,2024-01-01 00:00:00
P1878,BOX-04,4,2024-01-01 00:00:00
P1879,BOX-04,4,2024-01-01 00:00:00
P1880,BOX-04,4,2024-01-01 00:00:00
P1881,BOX-06,6,2024-01-01 00:00:00
P1882,BOX-11,12,2024-01-01 00:00:00
P1883,BOX-04,4,2024-01-01 00:00:00
P1884,BOX-04,4,2024-01-01 00:00:00
P1885,BOX-04,4,2024-01-01 00:00:00
P1886,BOX-04,4,2024-01-01 00:00:00
P1887,BOX-03,3,2024-01-01 00:00:00
P1888,BOX-04,4,2024-01-01 00:00:00
P1889,BOX-04,4,2024-01-01 00:00:00
P1890,BOX-06,6,2024-01-01 00:00:00
P1891,BOX-06,6,2024-01-01 00:00:00
P1892,BOX-04,4,2024-01-01 00:00:00
P1893,BOX-04,4,2024-01-01 00:00:00
P1894,BOX-04,4,2024-01-01 00:00:00
P1895,BOX-04,4,2024-01-01 00:00:00
P1896,BOX-03,3,2024-01-01 00:00:00
P1897,BOX-04,4,2024-01-01 00:00:00
P1898,BOX-04,4,2024-01-01 00:00:00
P1899,BOX-04,4,2024-01-01 00:00:00
P1900,BOX-04,4,2024-01-01 00:00:00
P1901,BOX-03,3,2024-01-01 00:00:00
P1902,BOX-11,12,2024-01-01 00:00:00
P1903,BOX-04,4,2024-01-01 00:00:00
P1904,BOX-04,4,2024-01-01 00:00:00
P1905,BOX-04,4,2024-01-01 00:00:00
P1906,BOX-04,4,2024-01-01 00:00:00
P1907,BOX-11,12,2024-01-01 00:00:00
P1909,BOX-04,4,2024-01-01 00:00:00
P1908,BOX-04,4,2024-01-01 00:00:00
P1911,BOX-04,4,2024-01-01 00:00:00
P1910,BOX-04,4,2024-01-01 00:00:00
P1912,BOX-04,4,2024-01-01 00:00:00
P1913,BOX-04,4,2024-01-01 00:00:00
P1914,BOX-04,4,2024-01-01 00:00:00
P1915,BOX-04,4,2024-01-01 00:00:00
P1916,BOX-11,12,2024-01-01 00:00:00
P1918,BOX-04,4,2024-01-01 00:00:00
P1917,BOX-04,4,2024-01-01 00:00:00
P1920,BOX-04,4,2024-01-01 00:00:00
P1919,BOX-04,4,2024-01-01 00:00:00
P1921,BOX-04,4,2024-01-01 00:00:00
P1922,BOX-04,4,2024-01-01 00:00:00
P1923,BOX-04,4,2024-01-01 00:00:00
P1924,BOX-11,12,2024-01-01 00:00:00
P1926,BOX-04,4,2024-01-01 00:00:00
P1925,BOX-04,4,2024-01-01 00:00:00
P1928,BOX-04,4,2024-01-01 00:00:00
P1927,BOX-04,4,2024-01-01 00:00:00
P1929,BOX-04,4,2024-01-01 00:00:00
P1930,BOX-04,4,2024-01-01 00:00:00
P1931,BOX-04,4,2024-01-01 00:00:00
P1932,BOX-04,4,2024-01-01 00:00:00
P1933,BOX-11,12,2024-01-01 00:00:00
P1935,BOX-04,4,2024-01-01 00:00:00
P1934,BOX-04,4,2024-01-01 00:00:00
P1937,BOX-04,4,2024-01-01 00:00:00
P1936,BOX-04,4,2024-01-01 00:00:00
P1938,BOX-04,4,2024-01-01 00:00:00
P1939,BOX-04,4,2024-01-01 00:00:00
P1940,BOX-04,4,2024-01-01 00:00:00
P1941,BOX-04,4,2024-01-01 00:00:00
P1942,BOX-04,4,2024-01-01 00:00:00
P1943,BOX-06,6,2024-01-01 00:00:00
P1944,BOX-04,4,2024-01-01 00:00:00
P1945,BOX-04,4,2024-01-01 00:00:00
P1946,BOX-04,4,2024-01-01 00:00:00
P1947,BOX-06,6,2024-01-01 00:00:00
P1948,BOX-04,4,2024-01-01 00:00:00
P1949,BOX-04,4,2024-01-01 00:00:00
P1950,BOX-04,4,2024-01-01 00:00:00
P1951,BOX-06,6,2024-01-01 00:00:00
P1952,BOX-04,4,2024-01-01 00:00:00
P1953,BOX-04,4,2024-01-01 00:00:00
P1954,BOX-04,4,2024-01-01 00:00:00
P1955,BOX-06,6,2024-01-01 00:00:00
P1956,BOX-04,4,2024-01-01 00:00:00
P1957,BOX-04,4,2024-01-01 00:00:00
P1958,BOX-04,4,2024-01-01 00:00:00
P1959,BOX-06,6,2024-01-01 00:00:00
P1960,BOX-04,4,2024-01-01 00:00:00
P1961,BOX-04,4,2024-01-01 00:00:00
P1962,BOX-04,4,2024-01-01 00:00:00
P1963,BOX-04,4,2024-01-01 00:00:00
P1964,BOX-03,3,2024-01-01 00:00:00
P1965,BOX-06,6,2024-01-01 00:00:00
P1966,BOX-04,4,2024-01-01 00:00:00
P1967,BOX-04,4,2024-01-01 00:00:00
P1968,BOX-04,4,2024-01-01 00:00:00
P1969,BOX-04,4,2024-01-01 00:00:00
P1970,BOX-03,3,2024-01-01 00:00:00
P1971,BOX-11,12,2024-01-01 00:00:00
P1972,BOX-04,4,2024-01-01 00:00:00
P1973,BOX-04,4,2024-01-01 00:00:00
P1974,BOX-03,3,2024-01-01 00:00:00
P1975,BOX-11,12,2024-01-01 00:00:00
P1976,BOX-04,4,2024-01-01 00:00:00
P1977,BOX-04,4,2024-01-01 00:00:00
P1978,BOX-03,3,2024-01-01 00:00:00
P1979,BOX-04,4,2024-01-01 00:00:00
P1980,BOX-04,4,2024-01-01 00:00:00
P1981,BOX-03,3,2024-01-01 00:00:00
P1982,BOX-04,4,2024-01-01 00:00:00
P1983,BOX-04,4,2024-01-01 00:00:00
P1984,BOX-03,3,2024-01-01 00:00:00
P1985,BOX-11,12,2024-01-01 00:00:00
P1986,BOX-02,2,2024-01-01 00:00:00
P1987,BOX-04,4,2024-01-01 00:00:00
P1988,BOX-02,2,2024-01-01 00:00:00
P1989,BOX-04,4,2024-01-01 00:00:00
P1990,BOX-04,4,2024-01-01 00:00:00
P1991,BOX-04,4,2024-01-01 00:00:00
P1992,BOX-06,6,2024-01-01 00:00:00
P1993,BOX-04,4,2024-01-01 00:00:00
P1994,BOX-04,4,2024-01-01 00:00:00
P1995,BOX-04,4,2024-01-01 00:00:00
P1996,BOX-06,6,2024-01-01 00:00:00
P1997,BOX-11,12,2024-01-01 00:00:00
P1998,BOX-06,6,2024-01-01 00:00:00
P1999,BOX-04,4,2024-01-01 00:00:00
P2000,BOX-04,4,2024-01-01 00:00:00
P2001,BOX-06,6,2024-01-01 00:00:00
P2002,BOX-04,4,2024-01-01 00:00:00
P2003,BOX-04,4,2024-01-01 00:00:00
P2004,BOX-04,4,2024-01-01 00:00:00
P2005,BOX-06,6,2024-01-01 00:00:00
P2006,BOX-11,12,2024-01-01 00:00:00
P2007,BOX-06,6,2024-01-01 00:00:00
P2008,BOX-06,6,2024-01-01 00:00:00
P2009,BOX-04,4,2024-01-01 00:00:00
P2010,BOX-03,3,2024-01-01 00:00:00
P2011,BOX-04,4,2024-01-01 00:00:00
P2012,BOX-04,4,2024-01-01 00:00:00
P2013,BOX-04,4,2024-01-01 00:00:00
P2014,BOX-03,3,2024-01-01 00:00:00
P2015,BOX-06,6,2024-01-01 00:00:00
P2016,BOX-04,4,2024-01-01 00:00:00
P2017,BOX-06,6,2024-01-01 00:00:00
P2018,BOX-04,4,2024-01-01 00:00:00
P2019,BOX-06,6,2024-01-01 00:00:00
P2020,BOX-04,4,2024-01-01 00:00:00
P2021,BOX-06,6,2024-01-01 00:00:00
P2022,BOX-03,3,2024-01-01 00:00:00
P2023,BOX-04,4,2024-01-01 00:00:00
P2024,BOX-06,6,2024-01-01 00:00:00
P2025,BOX-03,3,2024-01-01 00:00:00
P2026,BOX-04,4,2024-01-01 00:00:00
P2027,BOX-04,4,2024-01-01 00:00:00
P2028,BOX-04,4,2024-01-01 00:00:00
P2029,BOX-04,4,2024-01-01 00:00:00
P2030,BOX-03,3,2024-01-01 00:00:00
P2031,BOX-03,3,2024-01-01 00:00:00
P2032,BOX-03,3,2024-01-01 00:00:00
P2033,BOX-06,6,2024-01-01 00:00:00
P2034,BOX-04,4,2024-01-01 00:00:00
P2035,BOX-04,4,2024-01-01 00:00:00
P2036,BOX-03,3,2024-01-01 00:00:00
P2037,BOX-03,3,2024-01-01 00:00:00
P2038,BOX-04,4,2024-01-01 00:00:00
P2039,BOX-04,4,2024-01-01 00:00:00
P2040,BOX-06,6,2024-01-01 00:00:00
P2041,BOX-04,4,2024-01-01 00:00:00
P2042,BOX-04,4,2024-01-01 00:00:00
P2043,BOX-03,3,2024-01-01 00:00:00
P2044,BOX-06,6,2024-01-01 00:00:00
P2045,BOX-04,4,2024-01-01 00:00:00
P2046,BOX-04,4,2024-01-01 00:00:00
P2047,BOX-03,3,2024-01-01 00:00:00
P2048,BOX-04,4,2024-01-01 00:00:00
P2049,BOX-04,4,2024-01-01 00:00:00
P2050,BOX-03,3,2024-01-01 00:00:00
P2051,BOX-06,6,2024-01-01 00:00:00
P2052,BOX-03,3,2024-01-01 00:00:00
P2053,BOX-04,4,2024-01-01 00:00:00
P2054,BOX-04,4,2024-01-01 00:00:00
P2055,BOX-04,4,2024-01-01 00:00:00
P2056,BOX-04,4,2024-01-01 00:00:00
P2057,BOX-04,4,2024-01-01 00:00:00
P2058,BOX-03,3,2024-01-01 00:00:00
P2059,BOX-04,4,2024-01-01 00:00:00
P2060,BOX-04,4,2024-01-01 00:00:00
P2061,BOX-04,4,2024-01-01 00:00:00
P2062,BOX-04,4,2024-01-01 00:00:00
P2063,BOX-04,4,2024-01-01 00:00:00
P2064,BOX-04,4,2024-01-01 00:00:00
P2065,BOX-06,6,2024-01-01 00:00:00
P2066,BOX-03,3,2024-01-01 00:00:00
P2067,BOX-04,4,2024-01-01 00:00:00
P2068,BOX-04,4,2024-01-01 00:00:00
P2069,BOX-04,4,2024-01-01 00:00:00
P2070,BOX-04,4,2024-01-01 00:00:00
P2071,BOX-04,4,2024-01-01 00:00:00
P2072,BOX-03,3,2024-01-01 00:00:00
P2073,BOX-04,4,2024-01-01 00:00:00
P2074,BOX-04,4,2024-01-01 00:00:00
P2075,BOX-04,4,2024-01-01 00:00:00
P2076,BOX-04,4,2024-01-01 00:00:00
P2077,BOX-04,4,2024-01-01 00:00:00
P2078,BOX-04,4,2024-01-01 00:00:00
P2079,BOX-06,6,2024-01-01 00:00:00
P2080,BOX-04,4,2024-01-01 00:00:00
P2081,BOX-04,4,2024-01-01 00:00:00
P2082,BOX-04,4,2024-01-01 00:00:00
P2083,BOX-04,4,2024-01-01 00:00:00
P2084,BOX-04,4,2024-01-01 00:00:00
P2085,BOX-04,4,2024-01-01 00:00:00
P2086,BOX-03,3,2024-01-01 00:00:00
P2087,BOX-04,4,2024-01-01 00:00:00
P2088,BOX-04,4,2024-01-01 00:00:00
P2089,BOX-04,4,2024-01-01 00:00:00
P2090,BOX-04,4,2024-01-01 00:00:00
P2091,BOX-04,4,2024-01-01 00:00:00
P2092,BOX-04,4,2024-01-01 00:00:00
P2093,BOX-04,4,2024-01-01 00:00:00
P2094,BOX-04,4,2024-01-01 00:00:00
P2095,BOX-04,4,2024-01-01 00:00:00
P2096,BOX-04,4,2024-01-01 00:00:00
P2097,BOX-04,4,2024-01-01 00:00:00
P2098,BOX-04,4,2024-01-01 00:00:00
P2099,BOX-06,6,2024-01-01 00:00:00
P2100,BOX-04,4,2024-01-01 00:00:00
P2101,BOX-04,4,2024-01-01 00:00:00
P2102,BOX-04,4,2024-01-01 00:00:00
P2103,BOX-04,4,2024-01-01 00:00:00
P2104,BOX-04,4,2024-01-01 00:00:00
P2105,BOX-11,12,2024-01-01 00:00:00
P2106,BOX-04,4,2024-01-01 00:00:00
P2107,BOX-04,4,2024-01-01 00:00:00
P2108,BOX-04,4,2024-01-01 00:00:00
P2109,BOX-04,4,2024-01-01 00:00:00
P2110,BOX-04,4,2024-01-01 00:00:00
P2111,BOX-03,3,2024-01-01 00:00:00
P2112,BOX-04,4,2024-01-01 00:00:00
P2113,BOX-04,4,2024-01-01 00:00:00
P2114,BOX-03,3,2024-01-01 00:00:00
P2115,BOX-06,6,2024-01-01 00:00:00
P2116,BOX-04,4,2024-01-01 00:00:00
P2117,BOX-04,4,2024-01-01 00:00:00
P2118,BOX-04,4,2024-01-01 00:00:00
P2119,BOX-04,4,2024-01-01 00:00:00
P2120,BOX-04,4,2024-01-01 00:00:00
P2121,BOX-11,12,2024-01-01 00:00:00
P2122,BOX-04,4,2024-01-01 00:00:00
P2123,BOX-04,4,2024-01-01 00:00:00
P2124,BOX-04,4,2024-01-01 00:00:00
P2125,BOX-04,4,2024-01-01 00:00:00
P2126,BOX-04,4,2024-01-01 00:00:00
P2127,BOX-04,4,2024-01-01 00:00:00
P2128,BOX-04,4,2024-01-01 00:00:00
P2129,BOX-04,4,2024-01-01 00:00:00
P2130,BOX-06,6,2024-01-01 00:00:00
P2131,BOX-04,4,2024-01-01 00:00:00
P2132,BOX-04,4,2024-01-01 00:00:00
P2133,BOX-04,4,2024-01-01 00:00:00
P2134,BOX-06,6,2024-01-01 00:00:00
P2135,BOX-04,4,2024-01-01 00:00:00
P2136,BOX-04,4,2024-01-01 00:00:00
P2137,BOX-04,4,2024-01-01 00:00:00
P2138,BOX-04,4,2024-01-01 00:00:00
P2139,BOX-04,4,2024-01-01 00:00:00
P2140,BOX-04,4,2024-01-01 00:00:00
P2141,BOX-03,3,2024-01-01 00:00:00
P2142,BOX-04,4,2024-01-01 00:00:00
P2143,BOX-04,4,2024-01-01 00:00:00
P2144,BOX-04,4,2024-01-01 00:00:00
P2145,BOX-03,3,2024-01-01 00:00:00
P2146,BOX-04,4,2024-01-01 00:00:00
P2147,BOX-04,4,2024-01-01 00:00:00
P2148,BOX-04,4,2024-01-01 00:00:00
P2149,BOX-04,4,2024-01-01 00:00:00
P2150,BOX-04,4,2024-01-01 00:00:00
P2151,BOX-04,4,2024-01-01 00:00:00
P2152,BOX-04,4,2024-01-01 00:00:00
P2153,BOX-04,4,2024-01-01 00:00:00
P2154,BOX-04,4,2024-01-01 00:00:00
P2155,BOX-06,6,2024-01-01 00:00:00
P2156,BOX-06,6,2024-01-01 00:00:00
P2157,BOX-06,6,2024-01-01 00:00:00
P2158,BOX-06,6,2024-01-01 00:00:00
P2159,BOX-06,6,2024-01-01 00:00:00
P2160,BOX-06,6,2024-01-01 00:00:00
P2161,BOX-04,4,2024-01-01 00:00:00
P2162,BOX-04,4,2024-01-01 00:00:00
P2163,BOX-04,4,2024-01-01 00:00:00
P2164,BOX-04,4,2024-01-01 00:00:00
P2165,BOX-04,4,2024-01-01 00:00:00
P2166,BOX-04,4,2024-01-01 00:00:00
P2167,BOX-03,3,2024-01-01 00:00:00
P2168,BOX-04,4,2024-01-01 00:00:00
P2169,BOX-03,3,2024-01-01 00:00:00
P2170,BOX-04,4,2024-01-01 00:00:00
P2171,BOX-02,2,2024-01-01 00:00:00
P2172,BOX-02,2,2024-01-01 00:00:00
P2173,BOX-04,4,2024-01-01 00:00:00
P2174,BOX-02,2,2024-01-01 00:00:00
P2175,BOX-03,3,2024-01-01 00:00:00
P2176,BOX-04,4,2024-01-01 00:00:00
P2177,BOX-04,4,2024-01-01 00:00:00
P2178,BOX-04,4,2024-01-01 00:00:00
P2179,BOX-04,4,2024-01-01 00:00:00
P2180,BOX-04,4,2024-01-01 00:00:00
P2181,BOX-04,4,2024-01-01 00:00:00
P2182,BOX-04,4,2024-01-01 00:00:00
P2183,BOX-02,2,2024-01-01 00:00:00
P2184,BOX-03,3,2024-01-01 00:00:00
P2185,BOX-04,4,2024-01-01 00:00:00
P2186,BOX-04,4,2024-01-01 00:00:00
P2187,BOX-04,4,2024-01-01 00:00:00
P2188,BOX-04,4,2024-01-01 00:00:00
P2189,BOX-04,4,2024-01-01 00:00:00
P2190,BOX-04,4,2024-01-01 00:00:00
P2191,BOX-04,4,2024-01-01 00:00:00
P2192,BOX-02,2,2024-01-01 00:00:00
P2193,BOX-03,3,2024-01-01 00:00:00
P2194,BOX-04,4,2024-01-01 00:00:00
P2195,BOX-02,2,2024-01-01 00:00:00
P2196,BOX-03,3,2024-01-01 00:00:00
P2197,BOX-04,4,2024-01-01 00:00:00
P2198,BOX-02,2,2024-01-01 00:00:00
P2199,BOX-03,3,2024-01-01 00:00:00
P2200,BOX-04,4,2024-01-01 00:00:00
P2201,BOX-04,4,2024-01-01 00:00:00
P2202,BOX-04,4,2024-01-01 00:00:00
P2203,BOX-04,4,2024-01-01 00:00:00
P2204,BOX-04,4,2024-01-01 00:00:00
P2205,BOX-04,4,2024-01-01 00:00:00
P2206,BOX-04,4,2024-01-01 00:00:00
P2207,BOX-04,4,2024-01-01 00:00:00
P2208,BOX-04,4,2024-01-01 00:00:00
P2209,BOX-04,4,2024-01-01 00:00:00
P2210,BOX-04,4,2024-01-01 00:00:00
P2211,BOX-04,4,2024-01-01 00:00:00
P2212,BOX-04,4,2024-01-01 00:00:00
P2213,BOX-04,4,2024-01-01 00:00:00
P2214,BOX-04,4,2024-01-01 00:00:00
P2215,BOX-04,4,2024-01-01 00:00:00
P2216,BOX-04,4,2024-01-01 00:00:00
P2217,BOX-03,3,2024-01-01 00:00:00
P2218,BOX-04,4,2024-01-01 00:00:00
P2219,BOX-04,4,2024-01-01 00:00:00
P2220,BOX-03,3,2024-01-01 00:00:00
P2221,BOX-04,4,2024-01-01 00:00:00
P2222,BOX-04,4,2024-01-01 00:00:00
P2223,BOX-03,3,2024-01-01 00:00:00
P2224,BOX-04,4,2024-01-01 00:00:00
P2225,BOX-04,4,2024-01-01 00:00:00
P2226,BOX-03,3,2024-01-01 00:00:00
P2227,BOX-04,4,2024-01-01 00:00:00
P2228,BOX-04,4,2024-01-01 00:00:00
P2229,BOX-03,3,2024-01-01 00:00:00
P2230,BOX-03,3,2024-01-01 00:00:00
P2231,BOX-04,4,2024-01-01 00:00:00
P2232,BOX-04,4,2024-01-01 00:00:00
P2233,BOX-02,2,2024-01-01 00:00:00
P2234,BOX-03,3,2024-01-01 00:00:00
P2235,BOX-04,4,2024-01-01 00:00:00
P2236,BOX-04,4,2024-01-01 00:00:00
P2237,BOX-02,2,2024-01-01 00:00:00
P2238,BOX-04,4,2024-01-01 00:00:00
P2239,BOX-04,4,2024-01-01 00:00:00
P2240,BOX-02,2,2024-01-01 00:00:00
P2241,BOX-04,4,2024-01-01 00:00:00
P2242,BOX-03,3,2024-01-01 00:00:00
P2243,BOX-03,3,2024-01-01 00:00:00
P2244,BOX-04,4,2024-01-01 00:00:00
P2245,BOX-04,4,2024-01-01 00:00:00
P2246,BOX-04,4,2024-01-01 00:00:00
P2247,BOX-04,4,2024-01-01 00:00:00
P2248,BOX-02,2,2024-01-01 00:00:00
P2249,BOX-04,4,2024-01-01 00:00:00
P2250,BOX-04,4,2024-01-01 00:00:00
P2251,BOX-02,2,2024-01-01 00:00:00
P2252,BOX-04,4,2024-01-01 00:00:00
P2253,BOX-03,3,2024-01-01 00:00:00
P2254,BOX-03,3,2024-01-01 00:00:00
P2255,BOX-04,4,2024-01-01 00:00:00
P2256,BOX-04,4,2024-01-01 00:00:00
P2257,BOX-04,4,2024-01-01 00:00:00
