product_id,demand_pressure,flow_variability,warehouse_count,avg_inventory_floor,avg_inventory_ceiling,total_capacity,avg_capacity,pack_multiple,total_beginning_inventory,avg_overstock_cost,avg_shortage_cost,avg_backlog_cost,avg_penalty_cost,capacity_pressure,demand_pressure_norm,flow_variability_norm,capacity_pressure_norm,pack_multiple_norm,warehouse_count_norm,difficulty_score,difficulty_group,early_donor_surplus_no_plt,early_receiver_shortage_no_plt,expected_plt_case,recommended_source_warehouse,recommended_receiver_warehouses,complex_rule,source_dataset,is_complex_transfer_case
D2_P0095,440,4.819679,5,46.58,143.56,434,43.4,4,339,0.1,0.5,1500.0,500.0,1.013825,0.060201,0.092315,0.840806,0.2,0.0,0.27134,G2_medium_low,1143.0,1865.0,True,WH06,WH01;WH03;WH04;WH05,PLT-rich if early_receiver_shortage_no_plt > 0 and early_donor_surplus_no_plt > 0 before OA arrival,D2,
D2_P0115,455,5.44701,5,47.0,142.68,440,44.0,4,340,0.1,0.5,1500.0,500.0,1.034091,0.110368,0.264368,0.89428,0.2,0.0,0.342772,G2_medium_low,1169.0,1938.0,True,WH06,WH01;WH03;WH04;WH05,PLT-rich if early_receiver_shortage_no_plt > 0 and early_donor_surplus_no_plt > 0 before OA arrival,D2,
D2_P0222,465,5.00678,5,49.3,147.12,481,48.1,3,354,0.1,0.5,1500.0,500.0,0.966736,0.143813,0.143629,0.716556,0.1,0.0,0.26819,G2_medium_low,1295.0,2034.0,True,WH06,WH01;WH03;WH04;WH05,PLT-rich if early_receiver_shortage_no_plt > 0 and early_donor_surplus_no_plt > 0 before OA arrival,D2,
D2_P0254,469,5.736637,5,58.38,165.08,544,54.4,12,426,0.1,0.5,1500.0,750.0,0.862132,0.157191,0.343801,0.440547,1.0,0.0,0.343244,G2_medium_low,1640.0,2246.0,True,WH06,WH01;WH03;WH04;WH05,PLT-rich if early_receiver_shortage_no_plt > 0 and early_donor_surplus_no_plt > 0 before OA arrival,D2,
D2_P0302,460,5.149996,5,53.74,156.42,514,51.4,4,382,0.1,0.5,1500.0,500.0,0.894942,0.12709,0.182908,0.527118,0.2,0.0,0.235634,G1_low,1386.0,2131.0,True,WH06,WH01;WH03;WH04;WH05,PLT-rich if early_receiver_shortage_no_plt > 0 and early_donor_surplus_no_plt > 0 before OA arrival,D2,
D2_P0396,429,5.57003,5,55.62,165.94,483,48.3,4,408,0.1,0.5,1500.0,500.0,0.888199,0.023411,0.298108,0.509326,0.2,0.0,0.228882,G1_low,1750.0,2045.0,True,WH06,WH01;WH03;WH04;WH05,PLT-rich if early_receiver_shortage_no_plt > 0 and early_donor_surplus_no_plt > 0 before OA arrival,D2,
D2_P0694,423,5.123527,5,57.84,166.26,463,46.3,3,425,0.1,0.5,1500.0,500.0,0.913607,0.003344,0.175649,0.576369,0.1,0.0,0.199008,G1_low,1707.0,2092.0,True,WH06,WH01;WH03;WH04;WH05,PLT-rich if early_receiver_shortage_no_plt > 0 and early_donor_surplus_no_plt > 0 before OA arrival,D2,
D2_P0741,486,5.242295,5,61.02,172.82,495,49.5,3,463,0.1,0.5,1500.0,500.0,0.981818,0.214047,0.208222,0.756352,0.1,0.0,0.315358,G2_medium_low,1659.0,2074.0,True,WH06,WH01;WH03;WH04;WH05,PLT-rich if early_receiver_shortage_no_plt > 0 and early_donor_surplus_no_plt > 0 before OA arrival,D2,
D2_P1055,434,4.918793,5,43.52,138.06,472,47.2,4,317,0.1,0.5,1500.0,500.0,0.919492,0.040134,0.119498,0.591896,0.2,0.0,0.209889,G1_low,1145.0,1942.0,True,WH06,WH01;WH03;WH04;WH05,PLT-rich if early_receiver_shortage_no_plt > 0 and early_donor_surplus_no_plt > 0 before OA arrival,D2,
D2_P1087,481,5.242862,5,46.0,139.64,517,51.7,4,316,0.1,0.5,1500.0,500.0,0.930368,0.197324,0.208378,0.620594,0.2,0.0,0.28644,G2_medium_low,1104.0,2071.0,True,WH06,WH01;WH03;WH04;WH05,PLT-rich if early_receiver_shortage_no_plt > 0 and early_donor_surplus_no_plt > 0 before OA arrival,D2,
D2_P1296,440,4.832481,5,49.46,148.0,474,47.4,4,347,0.1,0.5,1500.0,500.0,0.92827,0.060201,0.095826,0.615059,0.2,0.0,0.215781,G1_low,1262.0,2013.0,True,WH06,WH01;WH03;WH04;WH05,PLT-rich if early_receiver_shortage_no_plt > 0 and early_donor_surplus_no_plt > 0 before OA arrival,D2,
D2_P1313,453,5.368786,5,51.4,151.92,483,48.3,6,374,0.1,0.5,1500.0,750.0,0.937888,0.103679,0.242914,0.640438,0.4,0.0,0.291942,G2_medium_low,1407.0,1955.0,True,WH06,WH01;WH03;WH04;WH05,PLT-rich if early_receiver_shortage_no_plt > 0 and early_donor_surplus_no_plt > 0 before OA arrival,D2,
D2_P1390,449,4.864301,5,53.14,155.02,475,47.5,4,385,0.1,0.5,1500.0,500.0,0.945263,0.090301,0.104553,0.659898,0.2,0.0,0.238203,G1_low,1457.0,2089.0,True,WH06,WH01;WH03;WH04;WH05,PLT-rich if early_receiver_shortage_no_plt > 0 and early_donor_surplus_no_plt > 0 before OA arrival,D2,
D2_P1511,476,5.208003,5,54.18,158.84,486,48.6,4,398,0.1,0.5,1500.0,500.0,0.979424,0.180602,0.198817,0.750035,0.2,0.0,0.311394,G2_medium_low,1491.0,2082.0,True,WH06,WH01;WH03;WH04;WH05,PLT-rich if early_receiver_shortage_no_plt > 0 and early_donor_surplus_no_plt > 0 before OA arrival,D2,
D2_P1521,491,6.064155,5,57.0,166.68,464,46.4,4,448,0.1,0.5,1500.0,500.0,1.05819,0.230769,0.433627,0.957867,0.2,0.0,0.437104,G2_medium_low,1595.0,1929.0,True,WH06,WH01;WH03;WH04;WH05,PLT-rich if early_receiver_shortage_no_plt > 0 and early_donor_surplus_no_plt > 0 before OA arrival,D2,
D2_P1599,478,5.595168,5,59.16,163.12,445,44.5,4,428,0.1,0.5,1500.0,500.0,1.074157,0.187291,0.305002,1.0,0.2,0.0,0.402438,G2_medium_low,1404.0,2101.0,True,WH06,WH01;WH03;WH04;WH05,PLT-rich if early_receiver_shortage_no_plt > 0 and early_donor_surplus_no_plt > 0 before OA arrival,D2,
D2_P1969,473,5.185724,5,61.5,172.64,516,51.6,4,440,0.1,0.5,1500.0,500.0,0.916667,0.170569,0.192707,0.584442,0.2,0.0,0.265458,G2_medium_low,1636.0,2279.0,True,WH06,WH01;WH03;WH04;WH05,PLT-rich if early_receiver_shortage_no_plt > 0 and early_donor_surplus_no_plt > 0 before OA arrival,D2,
D2_P1998,451,5.419357,5,46.2,139.38,479,47.9,6,327,0.1,0.5,1500.0,750.0,0.941545,0.09699,0.256783,0.650086,0.4,0.0,0.295814,G2_medium_low,1069.0,1892.0,True,WH06,WH01;WH03;WH04;WH05,PLT-rich if early_receiver_shortage_no_plt > 0 and early_donor_surplus_no_plt > 0 before OA arrival,D2,
D2_P2002,434,4.836419,5,46.04,140.08,454,45.4,4,331,0.1,0.5,1500.0,500.0,0.955947,0.040134,0.096906,0.688089,0.2,0.0,0.228289,G1_low,1151.0,1802.0,True,WH06,WH01;WH03;WH04;WH05,PLT-rich if early_receiver_shortage_no_plt > 0 and early_donor_surplus_no_plt > 0 before OA arrival,D2,
D2_P2158,466,5.343062,5,49.08,149.0,504,50.4,6,349,0.1,0.5,1500.0,750.0,0.924603,0.147157,0.235859,0.605384,0.4,0.0,0.294458,G2_medium_low,1368.0,2177.0,True,WH06,WH01;WH03;WH04;WH05,PLT-rich if early_receiver_shortage_no_plt > 0 and early_donor_surplus_no_plt > 0 before OA arrival,D2,
D2_P2189,469,5.780162,5,49.04,151.2,460,46.0,4,377,0.1,0.5,1500.0,500.0,1.019565,0.157191,0.355739,0.855952,0.2,0.0,0.37008,G2_medium_low,1290.0,1895.0,True,WH06,WH01;WH03;WH04;WH05,PLT-rich if early_receiver_shortage_no_plt > 0 and early_donor_surplus_no_plt > 0 before OA arrival,D2,
D2_P2194,459,4.634021,5,53.24,155.32,491,49.1,4,390,0.1,0.5,1500.0,500.0,0.934827,0.123746,0.041396,0.63236,0.2,0.0,0.225563,G1_low,1392.0,1954.0,True,WH06,WH01;WH03;WH04;WH05,PLT-rich if early_receiver_shortage_no_plt > 0 and early_donor_surplus_no_plt > 0 before OA arrival,D2,
D2_P2195,458,5.866267,5,52.64,158.22,496,49.6,2,411,0.1,0.5,1500.0,500.0,0.923387,0.120401,0.379354,0.602175,0.0,0.0,0.281503,G2_medium_low,1601.0,2015.0,True,WH06,WH01;WH03;WH04;WH05,PLT-rich if early_receiver_shortage_no_plt > 0 and early_donor_surplus_no_plt > 0 before OA arrival,D2,
D2_P2232,422,5.244759,5,56.74,163.84,472,47.2,4,422,0.1,0.5,1500.0,500.0,0.894068,0.0,0.208898,0.524813,0.2,0.0,0.203428,G1_low,1560.0,2025.0,True,WH06,WH01;WH03;WH04;WH05,PLT-rich if early_receiver_shortage_no_plt > 0 and early_donor_surplus_no_plt > 0 before OA arrival,D2,
D2_P2237,483,5.001109,5,56.66,163.46,516,51.6,2,422,0.1,0.5,1500.0,500.0,0.936047,0.204013,0.142074,0.635578,0.0,0.0,0.255617,G2_medium_low,1541.0,2162.0,True,WH06,WH01;WH03;WH04;WH05,PLT-rich if early_receiver_shortage_no_plt > 0 and early_donor_surplus_no_plt > 0 before OA arrival,D2,
D2_P0119,486,5.654904,5,69.04,183.78,592,59.2,3,469,0.1,0.5,1500.0,500.0,0.820946,0.214047,0.321385,0.331872,0.1,0.0,0.237528,G1_low,1884.0,2587.0,True,WH06,WH01;WH03;WH04;WH05,PLT-rich if early_receiver_shortage_no_plt > 0 and early_donor_surplus_no_plt > 0 before OA arrival,D2,
D2_P0120,477,5.556418,5,49.56,155.84,552,55.2,3,364,0.1,0.5,1500.0,500.0,0.86413,0.183946,0.294374,0.445819,0.1,0.0,0.250232,G2_medium_low,1462.0,2241.0,True,WH06,WH01;WH03;WH04;WH05,PLT-rich if early_receiver_shortage_no_plt > 0 and early_donor_surplus_no_plt > 0 before OA arrival,D2,
D2_P0165,494,6.238948,5,52.5,157.02,587,58.7,3,368,0.1,0.5,1500.0,500.0,0.841567,0.240803,0.481566,0.386284,0.1,0.0,0.299203,G2_medium_low,1463.0,2320.0,True,WH06,WH01;WH03;WH04;WH05,PLT-rich if early_receiver_shortage_no_plt > 0 and early_donor_surplus_no_plt > 0 before OA arrival,D2,
D2_P0178,534,6.314352,5,55.3,155.8,593,59.3,3,374,0.1,0.5,1500.0,500.0,0.900506,0.374582,0.502247,0.5418,0.1,0.0,0.383386,G2_medium_low,1384.0,2393.0,True,WH06,WH01;WH03;WH04;WH05,PLT-rich if early_receiver_shortage_no_plt > 0 and early_donor_surplus_no_plt > 0 before OA arrival,D2,
D2_P0235,530,6.488543,5,55.84,164.8,615,61.5,3,402,0.1,0.5,1500.0,500.0,0.861789,0.361204,0.550021,0.43964,0.1,0.0,0.365776,G2_medium_low,1615.0,2563.0,True,WH06,WH01;WH03;WH04;WH05,PLT-rich if early_receiver_shortage_no_plt > 0 and early_donor_surplus_no_plt > 0 before OA arrival,D2,
D2_P0289,504,5.69625,5,60.3,171.4,591,59.1,4,423,0.1,0.5,1500.0,500.0,0.852792,0.274247,0.332725,0.415901,0.2,0.0,0.289431,G2_medium_low,1673.0,2381.0,True,WH06,WH01;WH03;WH04;WH05,PLT-rich if early_receiver_shortage_no_plt > 0 and early_donor_surplus_no_plt > 0 before OA arrival,D2,
D2_P0477,550,6.851917,5,61.64,173.34,624,62.4,4,429,0.1,0.5,1500.0,500.0,0.88141,0.428094,0.649681,0.491414,0.2,0.0,0.433702,G2_medium_low,1716.0,2632.0,True,WH06,WH01;WH03;WH04;WH05,PLT-rich if early_receiver_shortage_no_plt > 0 and early_donor_surplus_no_plt > 0 before OA arrival,D2,
D2_P0549,504,6.054353,5,64.92,179.24,613,61.3,4,449,0.1,0.5,1500.0,500.0,0.822186,0.274247,0.430939,0.335144,0.2,0.0,0.293795,G2_medium_low,1782.0,2548.0,True,WH06,WH01;WH03;WH04;WH05,PLT-rich if early_receiver_shortage_no_plt > 0 and early_donor_surplus_no_plt > 0 before OA arrival,D2,
D2_P0839,557,5.996865,5,66.54,178.98,667,66.7,4,445,0.1,0.5,1500.0,500.0,0.835082,0.451505,0.415172,0.369173,0.2,0.0,0.351538,G2_medium_low,1713.0,2713.0,True,WH06,WH01;WH03;WH04;WH05,PLT-rich if early_receiver_shortage_no_plt > 0 and early_donor_surplus_no_plt > 0 before OA arrival,D2,
D2_P0852,524,5.531088,5,68.32,183.56,578,57.8,4,463,0.1,0.5,1500.0,500.0,0.906574,0.341137,0.287427,0.557813,0.2,0.0,0.333651,G2_medium_low,1625.0,2484.0,True,WH06,WH01;WH03;WH04;WH05,PLT-rich if early_receiver_shortage_no_plt > 0 and early_donor_surplus_no_plt > 0 before OA arrival,D2,
D2_P0927,533,6.043129,5,48.44,148.54,581,58.1,2,335,0.1,0.5,1500.0,500.0,0.917384,0.371237,0.427861,0.586335,0.0,0.0,0.36492,G2_medium_low,1283.0,2351.0,True,WH06,WH01;WH03;WH04;WH05,PLT-rich if early_receiver_shortage_no_plt > 0 and early_donor_surplus_no_plt > 0 before OA arrival,D2,
D2_P1001,526,5.771121,5,52.02,154.04,582,58.2,4,369,0.1,0.5,1500.0,500.0,0.90378,0.347826,0.353259,0.55044,0.2,0.0,0.350273,G2_medium_low,1382.0,2383.0,True,WH06,WH01;WH03;WH04;WH05,PLT-rich if early_receiver_shortage_no_plt > 0 and early_donor_surplus_no_plt > 0 before OA arrival,D2,
D2_P1109,479,5.860695,5,55.8,160.78,569,56.9,4,379,0.1,0.5,1500.0,500.0,0.841828,0.190635,0.377826,0.386971,0.2,0.0,0.26839,G2_medium_low,1460.0,2404.0,True,WH06,WH01;WH03;WH04;WH05,PLT-rich if early_receiver_shortage_no_plt > 0 and early_donor_surplus_no_plt > 0 before OA arrival,D2,
D2_P1225,514,5.474974,5,55.52,159.0,603,60.3,3,365,0.1,0.5,1500.0,500.0,0.852405,0.307692,0.272037,0.414879,0.1,0.0,0.274037,G2_medium_low,1326.0,2455.0,True,WH06,WH01;WH03;WH04;WH05,PLT-rich if early_receiver_shortage_no_plt > 0 and early_donor_surplus_no_plt > 0 before OA arrival,D2,
D2_P1235,554,6.09636,5,60.72,169.5,625,62.5,4,409,0.1,0.5,1500.0,500.0,0.8864,0.441472,0.44246,0.50458,0.2,0.0,0.389202,G2_medium_low,1663.0,2661.0,True,WH06,WH01;WH03;WH04;WH05,PLT-rich if early_receiver_shortage_no_plt > 0 and early_donor_surplus_no_plt > 0 before OA arrival,D2,
D2_P1318,502,5.264186,5,64.5,178.52,585,58.5,6,442,0.1,0.5,1500.0,750.0,0.85812,0.267559,0.214226,0.429959,0.4,0.0,0.281314,G2_medium_low,1723.0,2535.0,True,WH06,WH01;WH03;WH04;WH05,PLT-rich if early_receiver_shortage_no_plt > 0 and early_donor_surplus_no_plt > 0 before OA arrival,D2,
D2_P1598,514,5.386735,5,64.94,181.12,596,59.6,4,452,0.1,0.5,1500.0,500.0,0.862416,0.307692,0.247836,0.441296,0.2,0.0,0.284591,G2_medium_low,1793.0,2529.0,True,WH06,WH01;WH03;WH04;WH05,PLT-rich if early_receiver_shortage_no_plt > 0 and early_donor_surplus_no_plt > 0 before OA arrival,D2,
D2_P1797,508,6.473382,5,64.8,180.04,575,57.5,3,460,0.1,0.5,1500.0,500.0,0.883478,0.287625,0.545863,0.496871,0.1,0.0,0.356971,G2_medium_low,1775.0,2401.0,True,WH06,WH01;WH03;WH04;WH05,PLT-rich if early_receiver_shortage_no_plt > 0 and early_donor_surplus_no_plt > 0 before OA arrival,D2,
D2_P1808,469,5.399043,5,68.64,185.6,540,54.0,3,483,0.1,0.5,1500.0,500.0,0.868519,0.157191,0.251212,0.457398,0.1,0.0,0.23431,G1_low,1870.0,2378.0,True,WH06,WH01;WH03;WH04;WH05,PLT-rich if early_receiver_shortage_no_plt > 0 and early_donor_surplus_no_plt > 0 before OA arrival,D2,
D2_P1968,482,5.026825,5,50.84,150.58,593,59.3,4,331,0.1,0.5,1500.0,500.0,0.812816,0.200669,0.149127,0.310421,0.2,0.0,0.195088,G1_low,1292.0,2382.0,True,WH06,WH01;WH03;WH04;WH05,PLT-rich if early_receiver_shortage_no_plt > 0 and early_donor_surplus_no_plt > 0 before OA arrival,D2,
D2_P2113,473,5.049169,5,52.16,161.3,548,54.8,4,396,0.1,0.5,1500.0,500.0,0.863139,0.170569,0.155255,0.443202,0.2,0.0,0.220785,G1_low,1653.0,2251.0,True,WH06,WH01;WH03;WH04;WH05,PLT-rich if early_receiver_shortage_no_plt > 0 and early_donor_surplus_no_plt > 0 before OA arrival,D2,
D2_P2156,532,5.924488,5,57.62,163.24,639,63.9,6,367,0.1,0.5,1500.0,750.0,0.832551,0.367893,0.395322,0.362493,0.4,0.0,0.339822,G2_medium_low,1429.0,2585.0,True,WH06,WH01;WH03;WH04;WH05,PLT-rich if early_receiver_shortage_no_plt > 0 and early_donor_surplus_no_plt > 0 before OA arrival,D2,
D2_P2157,448,4.483086,5,58.98,164.18,534,53.4,6,395,0.1,0.5,1500.0,750.0,0.838951,0.086957,0.0,0.379381,0.4,0.0,0.160932,G1_low,1540.0,2294.0,True,WH06,WH01;WH03;WH04;WH05,PLT-rich if early_receiver_shortage_no_plt > 0 and early_donor_surplus_no_plt > 0 before OA arrival,D2,
D2_P2159,512,5.820528,5,62.42,173.9,583,58.3,6,452,0.1,0.5,1500.0,750.0,0.878216,0.301003,0.36681,0.482986,0.4,0.0,0.34275,G2_medium_low,1591.0,2264.0,True,WH06,WH01;WH03;WH04;WH05,PLT-rich if early_receiver_shortage_no_plt > 0 and early_donor_surplus_no_plt > 0 before OA arrival,D2,
D2_P2184,525,6.695975,5,61.72,176.74,624,62.4,3,446,0.1,0.5,1500.0,500.0,0.841346,0.344482,0.606912,0.3857,0.1,0.0,0.361497,G2_medium_low,1749.0,2576.0,True,WH06,WH01;WH03;WH04;WH05,PLT-rich if early_receiver_shortage_no_plt > 0 and early_donor_surplus_no_plt > 0 before OA arrival,D2,
D2_P0118,618,6.924172,5,73.6,191.52,805,80.5,6,461,0.1,0.5,1500.0,750.0,0.767702,0.655518,0.669497,0.191381,0.4,0.0,0.451875,G3_medium_high,1892.0,3312.0,True,WH06,WH01;WH03;WH04;WH05,PLT-rich if early_receiver_shortage_no_plt > 0 and early_donor_surplus_no_plt > 0 before OA arrival,D2,
D2_P0140,576,6.600677,5,76.74,201.66,736,73.6,6,504,0.1,0.5,1500.0,750.0,0.782609,0.51505,0.580775,0.230715,0.4,0.0,0.397387,G2_medium_low,2088.0,3250.0,True,WH06,WH01;WH03;WH04;WH05,PLT-rich if early_receiver_shortage_no_plt > 0 and early_donor_surplus_no_plt > 0 before OA arrival,D2,
D2_P0155,626,5.992976,5,77.4,199.14,754,75.4,3,501,0.1,0.5,1500.0,500.0,0.830239,0.682274,0.414106,0.356392,0.1,0.0,0.407307,G2_medium_low,1868.0,3087.0,True,WH06,WH01;WH03;WH04;WH05,PLT-rich if early_receiver_shortage_no_plt > 0 and early_donor_surplus_no_plt > 0 before OA arrival,D2,
D2_P0188,585,5.149544,5,56.9,167.28,689,68.9,4,387,0.1,0.5,1500.0,500.0,0.849057,0.545151,0.182784,0.406045,0.2,0.0,0.330752,G2_medium_low,1637.0,2776.0,True,WH06,WH01;WH03;WH04;WH05,PLT-rich if early_receiver_shortage_no_plt > 0 and early_donor_surplus_no_plt > 0 before OA arrival,D2,
D2_P0231,580,6.067633,5,56.68,164.12,679,67.9,3,383,0.1,0.5,1500.0,500.0,0.854197,0.528428,0.434581,0.41961,0.1,0.0,0.382076,G2_medium_low,1465.0,2634.0,True,WH06,WH01;WH03;WH04;WH05,PLT-rich if early_receiver_shortage_no_plt > 0 and early_donor_surplus_no_plt > 0 before OA arrival,D2,
D2_P0281,614,6.849115,5,70.04,184.22,753,75.3,12,435,0.1,0.5,1500.0,750.0,0.815405,0.64214,0.648912,0.317252,1.0,0.0,0.534183,G3_medium_high,1735.0,3021.0,True,WH06,WH01;WH03;WH04;WH05,PLT-rich if early_receiver_shortage_no_plt > 0 and early_donor_surplus_no_plt > 0 before OA arrival,D2,
D2_P0404,557,5.794973,5,64.88,179.54,698,69.8,4,418,0.1,0.5,1500.0,500.0,0.797994,0.451505,0.359801,0.271311,0.2,0.0,0.31323,G2_medium_low,1578.0,2770.0,True,WH06,WH01;WH03;WH04;WH05,PLT-rich if early_receiver_shortage_no_plt > 0 and early_donor_surplus_no_plt > 0 before OA arrival,D2,
D2_P0462,584,6.553111,5,67.34,187.28,729,72.9,4,458,0.1,0.5,1500.0,500.0,0.801097,0.541806,0.567729,0.279499,0.2,0.0,0.394349,G2_medium_low,1998.0,2915.0,True,WH06,WH01;WH03;WH04;WH05,PLT-rich if early_receiver_shortage_no_plt > 0 and early_donor_surplus_no_plt > 0 before OA arrival,D2,
D2_P0601,631,7.501943,5,69.64,191.98,753,75.3,4,475,0.1,0.5,1500.0,500.0,0.837981,0.698997,0.827958,0.376822,0.2,0.0,0.530894,G3_medium_high,1935.0,3074.0,True,WH06,WH01;WH03;WH04;WH05,PLT-rich if early_receiver_shortage_no_plt > 0 and early_donor_surplus_no_plt > 0 before OA arrival,D2,
D2_P0628,628,6.510214,5,71.98,188.82,793,79.3,3,458,0.1,0.5,1500.0,500.0,0.791929,0.688963,0.555964,0.255308,0.1,0.0,0.419507,G2_medium_low,1856.0,3200.0,True,WH06,WH01;WH03;WH04;WH05,PLT-rich if early_receiver_shortage_no_plt > 0 and early_donor_surplus_no_plt > 0 before OA arrival,D2,
D2_P0830,649,6.259501,5,83.16,212.02,811,81.1,12,544,0.1,0.5,1500.0,750.0,0.800247,0.759197,0.487203,0.277254,1.0,0.0,0.518874,G3_medium_high,2045.0,3310.0,True,WH06,WH01;WH03;WH04;WH05,PLT-rich if early_receiver_shortage_no_plt > 0 and early_donor_surplus_no_plt > 0 before OA arrival,D2,
D2_P0865,613,6.195291,5,78.34,203.44,757,75.7,3,502,0.1,0.5,1500.0,500.0,0.809775,0.638796,0.469593,0.302397,0.1,0.0,0.394636,G2_medium_low,1999.0,3171.0,True,WH06,WH01;WH03;WH04;WH05,PLT-rich if early_receiver_shortage_no_plt > 0 and early_donor_surplus_no_plt > 0 before OA arrival,D2,
D2_P1038,546,5.749482,5,55.26,165.32,696,69.6,3,378,0.1,0.5,1500.0,500.0,0.784483,0.414716,0.347324,0.23566,0.1,0.0,0.280161,G2_medium_low,1681.0,2646.0,True,WH06,WH01;WH03;WH04;WH05,PLT-rich if early_receiver_shortage_no_plt > 0 and early_donor_surplus_no_plt > 0 before OA arrival,D2,
D2_P1172,532,5.432997,5,58.98,168.98,678,67.8,4,391,0.1,0.5,1500.0,500.0,0.784661,0.367893,0.260525,0.236129,0.2,0.0,0.254531,G2_medium_low,1499.0,2588.0,True,WH06,WH01;WH03;WH04;WH05,PLT-rich if early_receiver_shortage_no_plt > 0 and early_donor_surplus_no_plt > 0 before OA arrival,D2,
D2_P1193,613,6.800863,5,69.64,186.3,798,79.8,12,456,0.1,0.5,1500.0,750.0,0.76817,0.638796,0.635678,0.192618,1.0,0.0,0.498713,G3_medium_high,1765.0,3064.0,True,WH06,WH01;WH03;WH04;WH05,PLT-rich if early_receiver_shortage_no_plt > 0 and early_donor_surplus_no_plt > 0 before OA arrival,D2,
D2_P1639,580,6.929575,5,64.72,177.96,697,69.7,4,438,0.1,0.5,1500.0,500.0,0.832138,0.528428,0.670979,0.361403,0.2,0.0,0.436624,G2_medium_low,1669.0,2712.0,True,WH06,WH01;WH03;WH04;WH05,PLT-rich if early_receiver_shortage_no_plt > 0 and early_donor_surplus_no_plt > 0 before OA arrival,D2,
D2_P1917,606,7.322516,5,67.84,183.96,772,77.2,4,435,0.1,0.5,1500.0,500.0,0.784974,0.615385,0.778748,0.236956,0.2,0.0,0.458541,G3_medium_high,1747.0,3033.0,True,WH06,WH01;WH03;WH04;WH05,PLT-rich if early_receiver_shortage_no_plt > 0 and early_donor_surplus_no_plt > 0 before OA arrival,D2,
D2_P1947,620,6.471345,5,72.46,192.54,765,76.5,6,488,0.1,0.5,1500.0,750.0,0.810458,0.662207,0.545304,0.304197,0.4,0.0,0.451037,G3_medium_high,1797.0,2993.0,True,WH06,WH01;WH03;WH04;WH05,PLT-rich if early_receiver_shortage_no_plt > 0 and early_donor_surplus_no_plt > 0 before OA arrival,D2,
D2_P1961,606,6.219944,5,73.1,196.38,762,76.2,4,475,0.1,0.5,1500.0,500.0,0.795276,0.615385,0.476354,0.264138,0.2,0.0,0.389738,G2_medium_low,1954.0,3115.0,True,WH06,WH01;WH03;WH04;WH05,PLT-rich if early_receiver_shortage_no_plt > 0 and early_donor_surplus_no_plt > 0 before OA arrival,D2,
D2_P1971,608,7.381283,5,85.56,213.24,781,78.1,12,541,0.1,0.5,1500.0,750.0,0.778489,0.622074,0.794866,0.219845,1.0,0.0,0.5403,G3_medium_high,2178.0,3283.0,True,WH06,WH01;WH03;WH04;WH05,PLT-rich if early_receiver_shortage_no_plt > 0 and early_donor_surplus_no_plt > 0 before OA arrival,D2,
D2_P2086,591,6.92499,5,78.14,204.92,745,74.5,3,523,0.1,0.5,1500.0,500.0,0.793289,0.565217,0.669722,0.258895,0.1,0.0,0.411719,G2_medium_low,2076.0,3024.0,True,WH06,WH01;WH03;WH04;WH05,PLT-rich if early_receiver_shortage_no_plt > 0 and early_donor_surplus_no_plt > 0 before OA arrival,D2,
D2_P2091,585,6.728775,5,56.8,162.14,735,73.5,4,358,0.1,0.5,1500.0,500.0,0.795918,0.545151,0.615907,0.265834,0.2,0.0,0.40398,G2_medium_low,1387.0,2955.0,True,WH06,WH01;WH03;WH04;WH05,PLT-rich if early_receiver_shortage_no_plt > 0 and early_donor_surplus_no_plt > 0 before OA arrival,D2,
D2_P2093,581,6.213582,5,60.34,171.26,695,69.5,4,409,0.1,0.5,1500.0,500.0,0.835971,0.531773,0.474609,0.371518,0.2,0.0,0.391064,G2_medium_low,1604.0,2678.0,True,WH06,WH01;WH03;WH04;WH05,PLT-rich if early_receiver_shortage_no_plt > 0 and early_donor_surplus_no_plt > 0 before OA arrival,D2,
D2_P2097,600,6.846459,5,61.8,175.44,729,72.9,4,428,0.1,0.5,1500.0,500.0,0.823045,0.595318,0.648184,0.337411,0.2,0.0,0.444994,G2_medium_low,1665.0,2787.0,True,WH06,WH01;WH03;WH04;WH05,PLT-rich if early_receiver_shortage_no_plt > 0 and early_donor_surplus_no_plt > 0 before OA arrival,D2,
D2_P2108,568,6.771462,5,63.34,178.08,699,69.9,4,434,0.1,0.5,1500.0,500.0,0.812589,0.488294,0.627615,0.309822,0.2,0.0,0.400848,G2_medium_low,1758.0,2902.0,True,WH06,WH01;WH03;WH04;WH05,PLT-rich if early_receiver_shortage_no_plt > 0 and early_donor_surplus_no_plt > 0 before OA arrival,D2,
D2_P0179,632,7.100132,5,76.9,197.3,859,85.9,6,470,0.1,0.5,1500.0,750.0,0.735739,0.702341,0.717756,0.107044,0.4,0.0,0.456902,G3_medium_high,1833.0,3399.0,True,WH06,WH01;WH03;WH04;WH05,PLT-rich if early_receiver_shortage_no_plt > 0 and early_donor_surplus_no_plt > 0 before OA arrival,D2,
D2_P0183,716,8.129233,5,80.36,202.84,949,94.9,6,483,0.1,0.5,1500.0,750.0,0.754478,0.983278,1.0,0.156489,0.4,0.0,0.624106,G3_medium_high,1968.0,3780.0,True,WH06,WH01;WH03;WH04;WH05,PLT-rich if early_receiver_shortage_no_plt > 0 and early_donor_surplus_no_plt > 0 before OA arrival,D2,
D2_P0264,667,6.709467,5,81.26,211.42,885,88.5,4,503,0.1,0.5,1500.0,500.0,0.753672,0.819398,0.610612,0.154363,0.2,0.0,0.457063,G3_medium_high,2178.0,3499.0,True,WH06,WH01;WH03;WH04;WH05,PLT-rich if early_receiver_shortage_no_plt > 0 and early_donor_surplus_no_plt > 0 before OA arrival,D2,
D2_P0296,686,6.801275,5,83.54,213.4,945,94.5,4,520,0.1,0.5,1500.0,500.0,0.725926,0.882943,0.635791,0.08115,0.2,0.0,0.464118,G3_medium_high,2111.0,3768.0,True,WH06,WH01;WH03;WH04;WH05,PLT-rich if early_receiver_shortage_no_plt > 0 and early_donor_surplus_no_plt > 0 before OA arrival,D2,
D2_P0341,621,7.198772,5,84.52,218.22,883,88.3,2,540,0.1,0.5,1500.0,500.0,0.703284,0.665552,0.74481,0.021408,0.0,0.0,0.39122,G2_medium_low,2226.0,3547.0,True,WH06,WH01;WH03;WH04;WH05,PLT-rich if early_receiver_shortage_no_plt > 0 and early_donor_surplus_no_plt > 0 before OA arrival,D2,
D2_P0416,670,6.611438,5,64.28,179.9,853,85.3,6,426,0.1,0.5,1500.0,750.0,0.785463,0.829431,0.583726,0.238246,0.4,0.0,0.494323,G3_medium_high,1664.0,3151.0,True,WH06,WH01;WH03;WH04;WH05,PLT-rich if early_receiver_shortage_no_plt > 0 and early_donor_surplus_no_plt > 0 before OA arrival,D2,
D2_P0519,665,7.69705,5,67.62,184.74,861,86.1,4,439,0.1,0.5,1500.0,500.0,0.772358,0.812709,0.881468,0.203666,0.2,0.0,0.535096,G3_medium_high,1762.0,3213.0,True,WH06,WH01;WH03;WH04;WH05,PLT-rich if early_receiver_shortage_no_plt > 0 and early_donor_surplus_no_plt > 0 before OA arrival,D2,
D2_P0652,588,6.624203,5,66.52,190.58,798,79.8,4,453,0.1,0.5,1500.0,500.0,0.736842,0.555184,0.587227,0.109954,0.2,0.0,0.36085,G2_medium_low,2017.0,3182.0,True,WH06,WH01;WH03;WH04;WH05,PLT-rich if early_receiver_shortage_no_plt > 0 and early_donor_surplus_no_plt > 0 before OA arrival,D2,
D2_P0817,721,7.734123,5,71.96,191.06,947,94.7,4,448,0.1,0.5,1500.0,500.0,0.761352,1.0,0.891636,0.174625,0.2,0.0,0.586565,G3_medium_high,1718.0,3635.0,True,WH06,WH01;WH03;WH04;WH05,PLT-rich if early_receiver_shortage_no_plt > 0 and early_donor_surplus_no_plt > 0 before OA arrival,D2,
D2_P0825,656,7.46697,5,74.24,194.92,865,86.5,4,455,0.1,0.5,1500.0,500.0,0.758382,0.782609,0.818366,0.166788,0.2,0.0,0.501071,G3_medium_high,1931.0,3432.0,True,WH06,WH01;WH03;WH04;WH05,PLT-rich if early_receiver_shortage_no_plt > 0 and early_donor_surplus_no_plt > 0 before OA arrival,D2,
D2_P0900,704,6.114632,5,79.9,206.5,911,91.1,6,482,0.1,0.5,1500.0,750.0,0.772777,0.943144,0.447471,0.204773,0.4,0.0,0.486004,G3_medium_high,1972.0,3696.0,True,WH06,WH01;WH03;WH04;WH05,PLT-rich if early_receiver_shortage_no_plt > 0 and early_donor_surplus_no_plt > 0 before OA arrival,D2,
D2_P0905,638,6.7976,5,80.42,208.56,867,86.7,4,515,0.1,0.5,1500.0,500.0,0.735871,0.722408,0.634783,0.107391,0.2,0.0,0.422266,G2_medium_low,2103.0,3381.0,True,WH06,WH01;WH03;WH04;WH05,PLT-rich if early_receiver_shortage_no_plt > 0 and early_donor_surplus_no_plt > 0 before OA arrival,D2,
D2_P0968,634,6.65598,5,84.72,217.78,887,88.7,6,552,0.1,0.5,1500.0,750.0,0.714769,0.70903,0.595942,0.051711,0.4,0.0,0.414622,G2_medium_low,2254.0,3476.0,True,WH06,WH01;WH03;WH04;WH05,PLT-rich if early_receiver_shortage_no_plt > 0 and early_donor_surplus_no_plt > 0 before OA arrival,D2,
D2_P1168,669,6.70894,5,89.68,226.04,943,94.3,6,563,0.1,0.5,1500.0,750.0,0.709438,0.826087,0.610467,0.037645,0.4,0.0,0.449854,G2_medium_low,2450.0,3837.0,True,WH06,WH01;WH03;WH04;WH05,PLT-rich if early_receiver_shortage_no_plt > 0 and early_donor_surplus_no_plt > 0 before OA arrival,D2,
D2_P1192,642,7.742058,5,65.24,179.06,841,84.1,6,405,0.1,0.5,1500.0,750.0,0.763377,0.735786,0.893813,0.179969,0.4,0.0,0.529181,G3_medium_high,1646.0,3326.0,True,WH06,WH01;WH03;WH04;WH05,PLT-rich if early_receiver_shortage_no_plt > 0 and early_donor_surplus_no_plt > 0 before OA arrival,D2,
D2_P1254,612,6.687177,5,75.72,198.9,867,86.7,12,477,0.1,0.5,1500.0,750.0,0.705882,0.635452,0.604498,0.028263,1.0,0.0,0.448826,G2_medium_low,1968.0,3342.0,True,WH06,WH01;WH03;WH04;WH05,PLT-rich if early_receiver_shortage_no_plt > 0 and early_donor_surplus_no_plt > 0 before OA arrival,D2,
D2_P1640,613,7.497,5,66.68,183.94,847,84.7,3,415,0.1,0.5,1500.0,500.0,0.723731,0.638796,0.826602,0.075358,0.1,0.0,0.427129,G2_medium_low,1804.0,3277.0,True,WH06,WH01;WH03;WH04;WH05,PLT-rich if early_receiver_shortage_no_plt > 0 and early_donor_surplus_no_plt > 0 before OA arrival,D2,
D2_P1866,697,6.896643,5,70.96,190.62,921,92.1,4,443,0.1,0.5,1500.0,500.0,0.756786,0.919732,0.661947,0.162579,0.2,0.0,0.502051,G3_medium_high,1848.0,3560.0,True,WH06,WH01;WH03;WH04;WH05,PLT-rich if early_receiver_shortage_no_plt > 0 and early_donor_surplus_no_plt > 0 before OA arrival,D2,
D2_P1869,651,7.194815,5,73.4,196.24,897,89.7,4,459,0.1,0.5,1500.0,500.0,0.725753,0.765886,0.743725,0.080693,0.2,0.0,0.45587,G3_medium_high,1832.0,3430.0,True,WH06,WH01;WH03;WH04;WH05,PLT-rich if early_receiver_shortage_no_plt > 0 and early_donor_surplus_no_plt > 0 before OA arrival,D2,
D2_P1924,691,7.600284,5,85.7,212.04,994,99.4,12,514,0.1,0.5,1500.0,750.0,0.695171,0.899666,0.854929,0.0,1.0,0.0,0.583632,G3_medium_high,2001.0,3741.0,True,WH06,WH01;WH03;WH04;WH05,PLT-rich if early_receiver_shortage_no_plt > 0 and early_donor_surplus_no_plt > 0 before OA arrival,D2,
D2_P2028,654,7.265383,5,81.08,210.72,893,89.3,4,524,0.1,0.5,1500.0,500.0,0.732363,0.77592,0.763079,0.098135,0.2,0.0,0.468079,G3_medium_high,2233.0,3556.0,True,WH06,WH01;WH03;WH04;WH05,PLT-rich if early_receiver_shortage_no_plt > 0 and early_donor_surplus_no_plt > 0 before OA arrival,D2,
D2_P2044,646,7.845058,5,86.08,215.38,917,91.7,6,546,0.1,0.5,1500.0,750.0,0.704471,0.749164,0.922062,0.024539,0.4,0.0,0.501399,G3_medium_high,2195.0,3662.0,True,WH06,WH01;WH03;WH04;WH05,PLT-rich if early_receiver_shortage_no_plt > 0 and early_donor_surplus_no_plt > 0 before OA arrival,D2,
D2_P2088,675,7.070676,5,87.5,216.04,889,88.9,4,534,0.1,0.5,1500.0,500.0,0.75928,0.846154,0.709678,0.169159,0.2,0.0,0.493555,G3_medium_high,2070.0,3561.0,True,WH06,WH01;WH03;WH04;WH05,PLT-rich if early_receiver_shortage_no_plt > 0 and early_donor_surplus_no_plt > 0 before OA arrival,D2,
D2_P2094,680,6.847006,5,62.08,180.46,851,85.1,4,414,0.1,0.5,1500.0,500.0,0.79906,0.862876,0.648334,0.274123,0.2,0.0,0.509477,G3_medium_high,1665.0,3316.0,True,WH06,WH01;WH03;WH04;WH05,PLT-rich if early_receiver_shortage_no_plt > 0 and early_donor_surplus_no_plt > 0 before OA arrival,D2,
D2_P2096,636,6.911785,5,66.8,186.14,835,83.5,4,433,0.1,0.5,1500.0,500.0,0.761677,0.715719,0.6661,0.175483,0.2,0.0,0.445111,G2_medium_low,1764.0,3173.0,True,WH06,WH01;WH03;WH04;WH05,PLT-rich if early_receiver_shortage_no_plt > 0 and early_donor_surplus_no_plt > 0 before OA arrival,D2,
D3_P0179,301,9.138860733713152,5,18.4,54.2,658,65.8,6,121,0.1,0.5,1500.0,2000.0,0.4574468085106383,0.726063829787234,0.7091464353118446,0.5235165910147568,0.1818181818181818,1.0,0.6281090075864035,G4_high,,,,,,"complex if difficulty_group in {G3_medium_high, G4_high}",D3,True
D3_P0905,361,8.90943091244741,5,37.4,83.8,1141,114.1,4,241,0.1,0.5,1500.0,2000.0,0.3163891323400525,0.8856382978723404,0.6870855872153906,0.3328740325929723,0.0909090909090909,1.0,0.5993014017179588,G4_high,,,,,,"complex if difficulty_group in {G3_medium_high, G4_high}",D3,True
D3_P0416,323,8.310824021621883,5,26.2,67.4,890,89.0,6,169,0.1,0.5,1500.0,2000.0,0.3629213483146067,0.7845744680851063,0.6295264799679645,0.3957633481074007,0.1818181818181818,1.0,0.5983364955957307,G4_high,,,,,,"complex if difficulty_group in {G3_medium_high, G4_high}",D3,True
D3_P0968,350,8.144711568288484,5,33.0,86.0,1124,112.4,6,229,0.1,0.5,1500.0,2000.0,0.3113879003558719,0.8563829787234043,0.6135539199071133,0.3261147573333117,0.1818181818181818,1.0,0.5955739675564022,G4_high,,,,,,"complex if difficulty_group in {G3_medium_high, G4_high}",D3,True
D3_P1924,262,7.893913956398335,5,30.4,79.8,933,93.3,12,226,0.1,0.5,1500.0,2000.0,0.2808145766345123,0.6223404255319149,0.589438449702159,0.2847942364518481,0.4545454545454545,1.0,0.5902237132462753,G4_high,,,,,,"complex if difficulty_group in {G3_medium_high, G4_high}",D3,True
D3_P0296,357,9.735475703810636,4,37.0,84.75,872,87.2,4,202,0.1,0.5,1500.0,2000.0,0.4094036697247706,0.875,0.7665140092164858,0.4585852300183207,0.0909090909090909,0.75,0.5882016660287794,G4_high,,,,,,"complex if difficulty_group in {G3_medium_high, G4_high}",D3,True
D3_P1192,337,8.736858262996618,4,25.5,72.75,776,77.6,6,151,0.1,0.5,1500.0,2000.0,0.4342783505154639,0.8218085106382979,0.6704918463314324,0.4922039093741902,0.1818181818181818,0.75,0.5832644896324204,G4_high,,,,,,"complex if difficulty_group in {G3_medium_high, G4_high}",D3,True
D3_P0519,340,6.80767873771364,5,12.8,57.6,765,76.5,4,143,0.1,0.5,1500.0,2000.0,0.4444444444444444,0.8297872340425532,0.4849913903607943,0.5059436093918851,0.0909090909090909,1.0,0.5823262649408647,G4_high,,,,,,"complex if difficulty_group in {G3_medium_high, G4_high}",D3,True
D3_P0341,343,9.05709779168599,5,28.4,75.6,1008,100.8,2,209,0.1,0.5,1500.0,2000.0,0.3402777777777778,0.8377659574468085,0.7012845111991498,0.3651600634359254,0.0,1.0,0.5808421064163768,G4_high,,,,,,"complex if difficulty_group in {G3_medium_high, G4_high}",D3,True
D3_P2088,323,10.172864861344593,4,27.25,80.25,793,79.3,4,146,0.1,0.5,1500.0,2000.0,0.4073139974779319,0.7845744680851063,0.8085712087128679,0.4557609919178819,0.0909090909090909,0.75,0.5779631519249894,G4_high,,,,,,"complex if difficulty_group in {G3_medium_high, G4_high}",D3,True
D3_P1869,338,8.237519935871328,5,40.4,85.0,1105,110.5,4,279,0.1,0.5,1500.0,2000.0,0.3058823529411765,0.824468085106383,0.6224779180518597,0.3186738886536046,0.0909090909090909,1.0,0.5713057965441877,G4_high,,,,,,"complex if difficulty_group in {G3_medium_high, G4_high}",D3,True
D3_P2044,303,7.691925265218993,5,40.4,84.0,1018,101.8,6,254,0.1,0.5,1500.0,2000.0,0.2976424361493123,0.7313829787234043,0.5700162062957634,0.307537459491934,0.1818181818181818,1.0,0.5581509652658567,G4_high,,,,,,"complex if difficulty_group in {G3_medium_high, G4_high}",D3,True
D3_P0183,313,7.439250565721782,5,25.6,87.4,1068,106.8,6,251,0.1,0.5,1500.0,2000.0,0.2930711610486891,0.7579787234042553,0.5457202445386007,0.3013592804371571,0.1818181818181818,1.0,0.5573752860396389,G4_high,,,,,,"complex if difficulty_group in {G3_medium_high, G4_high}",D3,True
D3_P1640,308,9.313314153018812,4,24.25,74.75,697,69.7,3,153,0.1,0.5,1500.0,2000.0,0.4418938307030129,0.7446808510638298,0.7259210218149281,0.502496398701811,0.0454545454545454,0.75,0.5537105634070228,G4_high,,,,,,"complex if difficulty_group in {G3_medium_high, G4_high}",D3,True
D3_P0825,305,7.92866151814969,5,24.2,80.4,1003,100.3,4,198,0.1,0.5,1500.0,2000.0,0.3040877367896311,0.7367021276595744,0.5927796050815676,0.3162484253693384,0.0909090909090909,1.0,0.5473278498039142,G4_high,,,,,,"complex if difficulty_group in {G3_medium_high, G4_high}",D3,True
D3_P2094,303,7.498271909757145,5,24.0,71.8,915,91.5,4,174,0.1,0.5,1500.0,2000.0,0.3311475409836065,0.7313829787234043,0.5513954479538732,0.3528203471674358,0.0909090909090909,1.0,0.5453015729507609,G4_high,,,,,,"complex if difficulty_group in {G3_medium_high, G4_high}",D3,True
D3_P0817,298,8.852279770932295,5,42.6,97.0,1324,132.4,4,310,0.1,0.5,1500.0,2000.0,0.2250755287009063,0.7180851063829787,0.6815902133160946,0.2094616846153464,0.0909090909090909,1.0,0.5400092190447021,G4_high,,,,,,"complex if difficulty_group in {G3_medium_high, G4_high}",D3,True
D3_P1866,262,7.967510557871632,5,17.4,63.0,812,81.2,4,138,0.1,0.5,1500.0,2000.0,0.3226600985221675,0.6223404255319149,0.5965151384977148,0.3413493816075775,0.0909090909090909,1.0,0.5302228073092596,G4_high,,,,,,"complex if difficulty_group in {G3_medium_high, G4_high}",D3,True
D3_P2028,311,7.378650946881713,5,45.8,94.2,1226,122.6,4,277,0.1,0.5,1500.0,2000.0,0.2536704730831974,0.7526595744680851,0.5398932819469099,0.2481083822142493,0.0909090909090909,1.0,0.526314065907667,G4_high,,,,,,"complex if difficulty_group in {G3_medium_high, G4_high}",D3,True
D3_P0652,302,7.532351991948613,5,53.4,97.4,1165,116.5,4,321,0.1,0.5,1500.0,2000.0,0.2592274678111588,0.7287234042553191,0.5546724217674466,0.2556187830717947,0.0909090909090909,1.0,0.5259847400007303,G4_high,,,,,,"complex if difficulty_group in {G3_medium_high, G4_high}",D3,True
D3_P0900,263,7.246139014140213,5,23.6,76.2,980,98.0,6,222,0.1,0.5,1500.0,2000.0,0.2683673469387755,0.625,0.5271515834046278,0.2679715311664642,0.1818181818181818,1.0,0.5203882592778548,G4_high,,,,,,"complex if difficulty_group in {G3_medium_high, G4_high}",D3,True
D3_P2096,268,7.739746343995245,5,26.4,72.4,932,93.2,4,198,0.1,0.5,1500.0,2000.0,0.2875536480686695,0.6382978723404256,0.5746144470513517,0.2939022400321793,0.0909090909090909,1.0,0.5195447300666094,G4_high,,,,,,"complex if difficulty_group in {G3_medium_high, G4_high}",D3,True
D3_P0264,255,7.823068973444201,5,21.2,65.6,848,84.8,4,160,0.1,0.5,1500.0,2000.0,0.3007075471698113,0.6037234042553191,0.5826263430687463,0.3116800245947935,0.0909090909090909,1.0,0.5177877725655899,G4_high,,,,,,"complex if difficulty_group in {G3_medium_high, G4_high}",D3,True
D3_P1168,277,7.814147262235172,4,41.25,81.0,782,78.2,6,213,0.1,0.5,1500.0,2000.0,0.3542199488491048,0.6622340425531915,0.5817684750084524,0.3840032149406873,0.1818181818181818,0.75,0.5119647828641026,G4_high,,,,,,"complex if difficulty_group in {G3_medium_high, G4_high}",D3,True
D3_P1254,224,5.917804336345135,5,30.6,77.8,1091,109.1,12,240,0.1,0.5,1500.0,2000.0,0.2053162236480293,0.5212765957446809,0.3994254256348089,0.1827565483180389,0.4545454545454545,1.0,0.5116008048485966,G4_high,,,,,,"complex if difficulty_group in {G3_medium_high, G4_high}",D3,True
D3_P0281,253,6.7401875496998,4,49.25,94.0,939,93.9,12,235,0.1,0.5,1500.0,2000.0,0.2694355697550585,0.598404255319149,0.4785017682253267,0.2694152578475592,0.4545454545454545,0.75,0.510173347187498,G3_medium_high,,,,,,"complex if difficulty_group in {G3_medium_high, G4_high}",D3,True
D3_P0140,285,6.2376408413202284,5,26.2,89.8,1130,113.0,6,252,0.1,0.5,1500.0,2000.0,0.252212389380531,0.6835106382978723,0.4301793377157659,0.2461377499522143,0.1818181818181818,1.0,0.508329181556807,G3_medium_high,,,,,,"complex if difficulty_group in {G3_medium_high, G4_high}",D3,True
D3_P0628,286,6.709755310481197,5,21.4,73.0,909,90.9,3,190,0.1,0.5,1500.0,2000.0,0.3146314631463146,0.6861702127659575,0.4755755531285588,0.3304985039365373,0.0454545454545454,1.0,0.5075397630571198,G3_medium_high,,,,,,"complex if difficulty_group in {G3_medium_high, G4_high}",D3,True
D3_P2097,296,6.452463538392582,5,37.4,93.2,1164,116.4,4,280,0.1,0.5,1500.0,2000.0,0.2542955326460481,0.7127659574468085,0.4508356362807834,0.2489531639904906,0.0909090909090909,1.0,0.5006927697254346,G3_medium_high,,,,,,"complex if difficulty_group in {G3_medium_high, G4_high}",D3,True
D3_P0231,274,9.01988543903598,4,36.75,88.25,845,84.5,3,182,0.1,0.5,1500.0,2000.0,0.3242603550295858,0.6542553191489362,0.6977063535969928,0.3435121635488906,0.0454545454545454,0.75,0.498185676349873,G3_medium_high,,,,,,"complex if difficulty_group in {G3_medium_high, G4_high}",D3,True
D3_P0188,250,7.727501906456298,5,49.2,101.6,1178,117.8,4,332,0.1,0.5,1500.0,2000.0,0.2122241086587436,0.5904255319148937,0.5734370818985438,0.1920927071679369,0.0909090909090909,1.0,0.489372882378093,G3_medium_high,,,,,,"complex if difficulty_group in {G3_medium_high, G4_high}",D3,True
D3_P2093,259,6.133747398031415,5,17.0,66.6,847,84.7,4,144,0.1,0.5,1500.0,2000.0,0.3057851239669421,0.6143617021276596,0.4201894529746828,0.3185424815518858,0.0909090909090909,1.0,0.4888005455126638,G3_medium_high,,,,,,"complex if difficulty_group in {G3_medium_high, G4_high}",D3,True
D3_P1947,253,6.27820980593568,5,47.4,86.6,1136,113.6,6,275,0.1,0.5,1500.0,2000.0,0.2227112676056338,0.598404255319149,0.4340802506872113,0.2062663336339878,0.1818181818181818,1.0,0.484113804291706,G3_medium_high,,,,,,"complex if difficulty_group in {G3_medium_high, G4_high}",D3,True
D3_P1917,218,7.821999326859326,5,19.0,72.0,914,91.4,4,176,0.1,0.5,1500.0,2000.0,0.2385120350109409,0.5053191489361702,0.5825234910911977,0.2276214190497748,0.0909090909090909,1.0,0.4812746299972467,G3_medium_high,,,,,,"complex if difficulty_group in {G3_medium_high, G4_high}",D3,True
D3_P0601,242,7.365503446855554,4,17.5,62.75,630,63.0,4,123,0.1,0.5,1500.0,2000.0,0.3841269841269841,0.5691489361702128,0.5386290827276232,0.4244232323050056,0.0909090909090909,0.75,0.4746220684223864,G3_medium_high,,,,,,"complex if difficulty_group in {G3_medium_high, G4_high}",D3,True
D3_P1639,266,8.513902657508979,4,51.75,102.0,1051,105.1,4,251,0.1,0.5,1500.0,2000.0,0.2530922930542341,0.6329787234042553,0.6490535271200049,0.2473269591613369,0.0909090909090909,0.75,0.4740536601189376,G3_medium_high,,,,,,"complex if difficulty_group in {G3_medium_high, G4_high}",D3,True
D3_P1193,224,5.251373446720684,4,21.25,81.25,780,78.0,12,164,0.1,0.5,1500.0,2000.0,0.2871794871794871,0.5212765957446809,0.335344694796594,0.2933965533435028,0.4545454545454545,0.75,0.4709126596860464,G3_medium_high,,,,,,"complex if difficulty_group in {G3_medium_high, G4_high}",D3,True
D3_P0830,187,4.979795914185518,5,25.0,76.4,966,96.6,12,188,0.1,0.5,1500.0,2000.0,0.1935817805383022,0.4228723404255319,0.3092311291815616,0.1668971898143026,0.4545454545454545,1.0,0.4707092227933701,G3_medium_high,,,,,,"complex if difficulty_group in {G3_medium_high, G4_high}",D3,True
D3_P1172,278,6.593703290027772,4,38.0,87.75,786,78.6,4,225,0.1,0.5,1500.0,2000.0,0.3536895674300254,0.6648936170212766,0.464416559147806,0.3832863927625706,0.0909090909090909,0.75,0.4707011319681488,G3_medium_high,,,,,,"complex if difficulty_group in {G3_medium_high, G4_high}",D3,True
D3_P2108,250,7.193562882103382,5,57.6,110.0,1386,138.6,4,345,0.1,0.5,1500.0,2000.0,0.1803751803751803,0.5904255319148937,0.5220961200129696,0.1490481786048288,0.0909090909090909,1.0,0.4704957842883566,G3_medium_high,,,,,,"complex if difficulty_group in {G3_medium_high, G4_high}",D3,True
D3_P2091,257,8.72481724149199,4,52.75,112.0,1094,109.4,4,268,0.1,0.5,1500.0,2000.0,0.2349177330895795,0.6090425531914894,0.6693340406683576,0.2227636407804093,0.0909090909090909,0.75,0.4684098651098693,G3_medium_high,,,,,,"complex if difficulty_group in {G3_medium_high, G4_high}",D3,True
D3_P0118,233,8.34047130193861,4,58.5,108.0,997,99.7,6,277,0.1,0.5,1500.0,2000.0,0.2337011033099298,0.5452127659574468,0.632377217260667,0.2211193388172601,0.1818181818181818,0.75,0.4661055007707111,G3_medium_high,,,,,,"complex if difficulty_group in {G3_medium_high, G4_high}",D3,True
D3_P1971,208,5.799591055432823,4,35.0,82.0,819,81.9,12,205,0.1,0.5,1500.0,2000.0,0.2539682539682539,0.4787234042553192,0.3880586154320092,0.2485108396438445,0.4545454545454545,0.75,0.4639676627753255,G3_medium_high,,,,,,"complex if difficulty_group in {G3_medium_high, G4_high}",D3,True
D3_P0865,230,9.339707072768835,4,31.5,85.5,893,89.3,3,188,0.1,0.5,1500.0,2000.0,0.257558790593505,0.5372340425531915,0.7284588357321204,0.2533635290325254,0.0454545454545454,0.75,0.4629021905544766,G3_medium_high,,,,,,"complex if difficulty_group in {G3_medium_high, G4_high}",D3,True
D3_P2086,212,8.745658263477853,4,22.5,68.25,681,68.1,3,147,0.1,0.5,1500.0,2000.0,0.3113069016152716,0.4893617021276595,0.6713380112841584,0.3260052857500828,0.0454545454545454,0.75,0.4564319089232892,G3_medium_high,,,,,,"complex if difficulty_group in {G3_medium_high, G4_high}",D3,True
D3_P1961,233,8.492794834597388,4,39.75,87.25,938,93.8,4,212,0.1,0.5,1500.0,2000.0,0.2484008528784648,0.5452127659574468,0.6470239022337086,0.2409863743589204,0.0909090909090909,0.75,0.4548264266918334,G3_medium_high,,,,,,"complex if difficulty_group in {G3_medium_high, G4_high}",D3,True
D3_P0155,212,8.219387649535294,4,19.25,67.5,689,68.9,3,131,0.1,0.5,1500.0,2000.0,0.3076923076923077,0.4893617021276595,0.6207344061914842,0.3211200823932919,0.0454545454545454,0.75,0.4453341472333962,G3_medium_high,,,,,,"complex if difficulty_group in {G3_medium_high, G4_high}",D3,True
D3_P0404,209,6.642135137414283,5,29.0,85.6,1086,108.6,4,229,0.1,0.5,1500.0,2000.0,0.1924493554327808,0.4813829787234042,0.4690735284220266,0.165366692324208,0.0909090909090909,1.0,0.4413464580757459,G3_medium_high,,,,,,"complex if difficulty_group in {G3_medium_high, G4_high}",D3,True
D3_P1038,195,6.879875893335017,4,6.5,43.0,474,47.4,3,49,0.1,0.5,1500.0,2000.0,0.4113924050632911,0.4441489361702128,0.4919335152963074,0.4612730496623992,0.0454545454545454,0.75,0.438562009316693,G3_medium_high,,,,,,"complex if difficulty_group in {G3_medium_high, G4_high}",D3,True
D3_P0462,242,5.722315786391352,5,67.8,114.4,1334,133.4,4,399,0.1,0.5,1500.0,2000.0,0.1814092953523238,0.5691489361702128,0.3806282039775107,0.1504458077895497,0.0909090909090909,1.0,0.4382264077692728,G3_medium_high,,,,,,"complex if difficulty_group in {G3_medium_high, G4_high}",D3,True
D3_P0289,227,8.164808789194181,4,48.75,98.5,1064,106.4,4,245,0.1,0.5,1500.0,2000.0,0.2133458646616541,0.5292553191489362,0.6154863702534348,0.1936087851306933,0.0909090909090909,0.75,0.4358519130884311,G2_medium_low,,,,,,"complex if difficulty_group in {G3_medium_high, G4_high}",D3,False
D3_P0235,246,7.829554462223446,4,58.5,107.5,1157,115.7,3,295,0.1,0.5,1500.0,2000.0,0.212618841832325,0.5797872340425532,0.5832499559103589,0.1926261977524159,0.0454545454545454,0.75,0.4302235866319747,G2_medium_low,,,,,,"complex if difficulty_group in {G3_medium_high, G4_high}",D3,False
D3_P1598,210,8.197521514113822,4,48.0,94.75,987,98.7,4,227,0.1,0.5,1500.0,2000.0,0.2127659574468085,0.4840425531914893,0.6186318656876896,0.1928250277479918,0.0909090909090909,0.75,0.4272817075072522,G2_medium_low,,,,,,"complex if difficulty_group in {G3_medium_high, G4_high}",D3,False
D3_P1235,210,7.461654109598089,4,39.25,84.25,794,79.4,4,216,0.1,0.5,1500.0,2000.0,0.2644836272040302,0.4840425531914893,0.5478744596077264,0.2627225983432011,0.0909090909090909,0.75,0.4271097404103015,G2_medium_low,,,,,,"complex if difficulty_group in {G3_medium_high, G4_high}",D3,False
D3_P1001,188,8.15087612525153,3,22.666666666666668,65.33333333333333,448,44.8,4,104,0.1,0.5,1500.0,2000.0,0.4196428571428571,0.425531914893617,0.6141466735168813,0.4724237174976091,0.0909090909090909,0.5,0.4206022793634396,G2_medium_low,,,,,,"complex if difficulty_group in {G3_medium_high, G4_high}",D3,False
D3_P1109,187,7.586720855108175,4,28.0,76.75,740,74.0,4,177,0.1,0.5,1500.0,2000.0,0.2527027027027027,0.4228723404255319,0.559900265404873,0.2468004192142122,0.0909090909090909,0.75,0.4140964231907416,G2_medium_low,,,,,,"complex if difficulty_group in {G3_medium_high, G4_high}",D3,False
D3_P0477,218,6.829001128295149,4,48.25,102.25,1029,102.9,4,266,0.1,0.5,1500.0,2000.0,0.2118561710398445,0.5053191489361702,0.4870416470234932,0.1915954313662164,0.0909090909090909,0.75,0.4049730636469942,G2_medium_low,,,,,,"complex if difficulty_group in {G3_medium_high, G4_high}",D3,False
D3_P1797,198,7.682772936902404,4,44.25,84.75,934,93.4,3,231,0.1,0.5,1500.0,2000.0,0.2119914346895074,0.4521276595744681,0.5691361632237372,0.191778243170106,0.0454545454545454,0.75,0.4016993222845714,G2_medium_low,,,,,,"complex if difficulty_group in {G3_medium_high, G4_high}",D3,False
D3_P0165,223,6.635375281640455,4,44.5,96.0,990,99.0,3,236,0.1,0.5,1500.0,2000.0,0.2252525252525252,0.5186170212765957,0.4684235337937884,0.2097008993560717,0.0454545454545454,0.75,0.3984391999762002,G2_medium_low,,,,,,"complex if difficulty_group in {G3_medium_high, G4_high}",D3,False
D3_P2159,160,6.74422830163803,4,25.25,69.75,680,68.0,6,154,0.1,0.5,1500.0,2000.0,0.2352941176470588,0.351063829787234,0.4788903071441687,0.2232723328058013,0.1818181818181818,0.75,0.3970089303110772,G2_medium_low,,,,,,"complex if difficulty_group in {G3_medium_high, G4_high}",D3,False
D3_P1968,162,7.693854839990847,3,8.0,49.333333333333336,393,39.3,4,51,0.1,0.5,1500.0,2000.0,0.4122137404580153,0.3563829787234042,0.5702017447567089,0.4623831025515679,0.0909090909090909,0.5,0.3959753833881544,G2_medium_low,,,,,,"complex if difficulty_group in {G3_medium_high, G4_high}",D3,False
D3_P0549,213,5.590685935622679,4,35.5,86.25,885,88.5,4,192,0.1,0.5,1500.0,2000.0,0.2406779661016949,0.4920212765957447,0.3679713221181853,0.2305487226585999,0.0909090909090909,0.75,0.3862900824563241,G2_medium_low,,,,,,"complex if difficulty_group in {G3_medium_high, G4_high}",D3,False
D3_P0178,186,6.660253325435479,4,20.5,70.75,749,74.9,3,141,0.1,0.5,1500.0,2000.0,0.2483311081441922,0.4202127659574468,0.4708156846574866,0.2408921128132951,0.0454545454545454,0.75,0.3854750217765548,G2_medium_low,,,,,,"complex if difficulty_group in {G3_medium_high, G4_high}",D3,False
D3_P2113,133,8.952947177209008,2,3.5,54.5,262,26.2,4,14,0.1,0.5,1500.0,2000.0,0.5076335877862596,0.2792553191489361,0.6912698981359781,0.5913451293814547,0.0909090909090909,0.25,0.3805558875150919,G2_medium_low,,,,,,"complex if difficulty_group in {G3_medium_high, G4_high}",D3,False
D3_P2156,173,7.892161104320649,3,31.666666666666668,88.33333333333333,692,69.2,6,153,0.1,0.5,1500.0,2000.0,0.25,0.3856382978723404,0.5892699040300747,0.2431476569407603,0.1818181818181818,0.5,0.3799748081322714,G2_medium_low,,,,,,"complex if difficulty_group in {G3_medium_high, G4_high}",D3,False
D3_P0839,161,7.81250641025378,4,49.0,94.5,1043,104.3,4,248,0.1,0.5,1500.0,2000.0,0.1543624161073825,0.3537234042553192,0.581610698717164,0.113891354344953,0.0909090909090909,0.75,0.3780269096453054,G2_medium_low,,,,,,"complex if difficulty_group in {G3_medium_high, G4_high}",D3,False
D3_P0120,186,6.218046523153597,4,29.0,74.5,760,76.0,3,181,0.1,0.5,1500.0,2000.0,0.2447368421052631,0.4202127659574468,0.4282952440341214,0.2360343830398276,0.0454545454545454,0.75,0.3759993876971882,G2_medium_low,,,,,,"complex if difficulty_group in {G3_medium_high, G4_high}",D3,False
D3_P1225,183,7.485541619237269,3,28.33333333333333,69.0,538,53.8,3,111,0.1,0.5,1500.0,2000.0,0.3401486988847583,0.4122340425531915,0.5501713655576382,0.3649856104669589,0.0454545454545454,0.5,0.3745691128064668,G2_medium_low,,,,,,"complex if difficulty_group in {G3_medium_high, G4_high}",D3,False
D3_P2157,135,9.648970493215709,2,24.5,74.0,376,37.6,6,74,0.1,0.5,1500.0,2000.0,0.3590425531914893,0.2845744680851064,0.7581960917811753,0.3905210710052969,0.1818181818181818,0.25,0.3730219625379521,G2_medium_low,,,,,,"complex if difficulty_group in {G3_medium_high, G4_high}",D3,False
D3_P0852,136,8.146520083672796,2,18.0,62.5,281,28.1,4,64,0.1,0.5,1500.0,2000.0,0.4839857651245551,0.2872340425531915,0.6137278178901797,0.5593845758283111,0.0909090909090909,0.25,0.3602511054361546,G2_medium_low,,,,,,"complex if difficulty_group in {G3_medium_high, G4_high}",D3,False
D3_P1318,163,8.232797056190627,2,39.0,89.5,464,46.4,6,102,0.1,0.5,1500.0,2000.0,0.3512931034482758,0.3590425531914893,0.622023789069677,0.3800475188703487,0.1818181818181818,0.25,0.3585864085899394,G2_medium_low,,,,,,"complex if difficulty_group in {G3_medium_high, G4_high}",D3,False
D3_P2184,111,8.990492053743278,2,10.5,57.5,247,24.7,3,57,0.1,0.5,1500.0,2000.0,0.4493927125506073,0.2207446808510638,0.6948800296064781,0.5126313028030185,0.0454545454545454,0.25,0.3447421117430211,G2_medium_low,,,,,,"complex if difficulty_group in {G3_medium_high, G4_high}",D3,False
D3_P0927,163,8.290418233283447,3,45.66666666666666,96.0,666,66.6,2,189,0.1,0.5,1500.0,2000.0,0.2447447447447447,0.3590425531914893,0.6275643592883636,0.2360450636312705,0.0,0.5,0.3445303952222247,G2_medium_low,,,,,,"complex if difficulty_group in {G3_medium_high, G4_high}",D3,False
D3_P0119,185,7.2203416354998975,3,51.66666666666666,104.33333333333331,767,76.7,3,203,0.1,0.5,1500.0,2000.0,0.241199478487614,0.4175531914893617,0.5246710338041836,0.2312535581429165,0.0454545454545454,0.5,0.3437864657782014,G2_medium_low,,,,,,"complex if difficulty_group in {G3_medium_high, G4_high}",D3,False
D3_P1808,138,9.439419027617502,2,26.0,88.5,400,40.0,3,88,0.1,0.5,1500.0,2000.0,0.345,0.2925531914893617,0.7380466490215231,0.3715422508525955,0.0454545454545454,0.25,0.3395193273636051,G2_medium_low,,,,,,"complex if difficulty_group in {G3_medium_high, G4_high}",D3,False
D3_P1998,127,6.095727580596274,2,2.0,56.5,255,25.5,6,26,0.1,0.5,1500.0,2000.0,0.4980392156862745,0.2632978723404255,0.4165336535129378,0.5783781240170691,0.1818181818181818,0.25,0.3380055663377229,G1_low,,,,,,"complex if difficulty_group in {G3_medium_high, G4_high}",D3,False
D3_P1055,131,9.25145792209047,2,29.5,82.0,395,39.5,4,87,0.1,0.5,1500.0,2000.0,0.3316455696202531,0.2739361702127659,0.7199732295584509,0.3534934438470011,0.0909090909090909,0.25,0.3376623869054617,G1_low,,,,,,"complex if difficulty_group in {G3_medium_high, G4_high}",D3,False
D3_P1599,184,5.1599418601375735,4,69.0,119.0,1264,126.4,4,327,0.1,0.5,1500.0,2000.0,0.1455696202531645,0.4148936170212766,0.3265530811706936,0.1020076969444058,0.0909090909090909,0.75,0.3368726972090934,G1_low,,,,,,"complex if difficulty_group in {G3_medium_high, G4_high}",D3,False
D3_P1313,140,9.256576609433738,2,84.5,133.0,660,66.0,6,195,0.1,0.5,1500.0,2000.0,0.2121212121212121,0.2978723404255319,0.7204654174671983,0.1919536402295023,0.1818181818181818,0.25,0.3284219159880829,G1_low,,,,,,"complex if difficulty_group in {G3_medium_high, G4_high}",D3,False
D3_P0741,134,10.786321747570174,2,77.0,133.5,696,69.6,3,193,0.1,0.5,1500.0,2000.0,0.1925287356321839,0.2819148936170212,0.8675582187976248,0.1654739764133342,0.0454545454545454,0.25,0.3220803268565051,G1_low,,,,,,"complex if difficulty_group in {G3_medium_high, G4_high}",D3,False
D3_P0222,145,8.261992877979832,2,28.0,80.5,438,43.8,3,102,0.1,0.5,1500.0,2000.0,0.3310502283105023,0.3111702127659574,0.6248311163211626,0.3526888269448496,0.0454545454545454,0.25,0.316828940297303,G1_low,,,,,,"complex if difficulty_group in {G3_medium_high, G4_high}",D3,False
D3_P0254,81,6.5886665051275335,2,35.0,86.0,429,42.9,12,85,0.1,0.5,1500.0,2000.0,0.1888111888111888,0.1409574468085106,0.4639322465769047,0.1604496299456511,0.4545454545454545,0.25,0.2939769555753042,G1_low,,,,,,"complex if difficulty_group in {G3_medium_high, G4_high}",D3,False
D3_P0396,126,5.462551938811248,2,3.5,64.5,282,28.2,4,53,0.1,0.5,1500.0,2000.0,0.4468085106382978,0.2606382978723404,0.3556505844562126,0.50913869695968,0.0909090909090909,0.25,0.2932673340394648,G1_low,,,,,,"complex if difficulty_group in {G3_medium_high, G4_high}",D3,False
D3_P1969,121,6.985699678629192,3,53.0,101.33333333333331,784,78.4,4,205,0.1,0.5,1500.0,2000.0,0.1543367346938775,0.2473404255319149,0.502109012271753,0.1138566453485524,0.0909090909090909,0.5,0.2908430348122622,G1_low,,,,,,"complex if difficulty_group in {G3_medium_high, G4_high}",D3,False
D3_P1511,138,7.232237769729003,2,42.0,102.5,485,48.5,4,126,0.1,0.5,1500.0,2000.0,0.2845360824742268,0.2925531914893617,0.5258149078163564,0.2898239336205919,0.0909090909090909,0.25,0.2898202247670801,G1_low,,,,,,"complex if difficulty_group in {G3_medium_high, G4_high}",D3,False
D3_P0115,104,7.585304351524938,2,35.5,89.5,382,38.2,4,114,0.1,0.5,1500.0,2000.0,0.2722513089005235,0.202127659574468,0.5597640613569185,0.2732207913648606,0.0909090909090909,0.25,0.2752043206410676,G1_low,,,,,,"complex if difficulty_group in {G3_medium_high, G4_high}",D3,False
D3_P0694,127,6.5742720229375164,2,13.0,89.0,408,40.8,3,81,0.1,0.5,1500.0,2000.0,0.3112745098039216,0.2632978723404255,0.4625481436592056,0.3259615075030896,0.0454545454545454,0.25,0.2694524137914532,G1_low,,,,,,"complex if difficulty_group in {G3_medium_high, G4_high}",D3,False
D3_P2189,54,7.728734264634367,1,0.0,35.0,106,10.6,4,15,0.1,0.5,1500.0,2000.0,0.5094339622641509,0.0691489361702127,0.5735555794260963,0.5937783751706978,0.0909090909090909,0.0,0.2654783963352195,G1_low,,,,,,"complex if difficulty_group in {G3_medium_high, G4_high}",D3,False
D3_P0302,132,6.726812023536855,2,85.5,134.0,592,59.2,4,199,0.1,0.5,1500.0,2000.0,0.2229729729729729,0.2765957446808511,0.4772156431293692,0.206620034206241,0.0909090909090909,0.25,0.2602681025851104,G1_low,,,,,,"complex if difficulty_group in {G3_medium_high, G4_high}",D3,False
D3_P1087,120,6.300375928633565,2,54.0,104.5,513,51.3,4,142,0.1,0.5,1500.0,2000.0,0.2339181286549707,0.2446808510638297,0.4362116364984698,0.221412653354577,0.0909090909090909,0.25,0.2486428463651935,G1_low,,,,,,"complex if difficulty_group in {G3_medium_high, G4_high}",D3,False
D3_P2237,116,6.060006948059244,2,24.0,74.5,356,35.6,2,77,0.1,0.5,1500.0,2000.0,0.3258426966292135,0.2340425531914893,0.4130989324119004,0.3456507330974591,0.0,0.25,0.2485584437401697,G1_low,,,,,,"complex if difficulty_group in {G3_medium_high, G4_high}",D3,False
D3_P2195,114,7.254036988572566,2,34.0,98.0,538,53.8,2,111,0.1,0.5,1500.0,2000.0,0.2118959107806691,0.2287234042553191,0.5279110139497094,0.1916491405018516,0.0,0.25,0.239656711741376,G1_low,,,,,,"complex if difficulty_group in {G3_medium_high, G4_high}",D3,False
D3_P2002,119,6.91603780696494,2,102.5,165.0,879,87.9,4,260,0.1,0.5,1500.0,2000.0,0.1353811149032992,0.2420212765957446,0.4954106678262866,0.0882377073974108,0.0909090909090909,0.25,0.2333157485457066,G1_low,,,,,,"complex if difficulty_group in {G3_medium_high, G4_high}",D3,False
D3_P2194,81,7.141244178786539,2,39.5,82.0,422,42.2,4,101,0.1,0.5,1500.0,2000.0,0.1919431279620853,0.1409574468085106,0.5170654097063985,0.1646825147397136,0.0909090909090909,0.25,0.2327228924327427,G1_low,,,,,,"complex if difficulty_group in {G3_medium_high, G4_high}",D3,False
D3_P1296,83,5.314082581613738,2,18.5,67.5,325,32.5,4,71,0.1,0.5,1500.0,2000.0,0.2553846153846154,0.1462765957446808,0.3413744981216524,0.2504250833163299,0.0909090909090909,0.25,0.2157970536183508,G1_low,,,,,,"complex if difficulty_group in {G3_medium_high, G4_high}",D3,False
D3_P0095,45,7.32499525976335,1,0.0,61.0,126,12.6,4,15,0.1,0.5,1500.0,2000.0,0.3571428571428571,0.0452127659574468,0.5347340138251864,0.3879535899240332,0.0909090909090909,0.0,0.2117618921231514,G1_low,,,,,,"complex if difficulty_group in {G3_medium_high, G4_high}",D3,False
D3_P1390,78,4.411706913966162,2,10.0,62.0,275,27.5,4,37,0.1,0.5,1500.0,2000.0,0.2836363636363636,0.1329787234042553,0.2546064728488976,0.2886079437803575,0.0909090909090909,0.25,0.2034204461885203,G1_low,,,,,,"complex if difficulty_group in {G3_medium_high, G4_high}",D3,False
D3_P2158,89,5.1694955470071084,2,82.5,126.5,634,63.4,6,193,0.1,0.5,1500.0,2000.0,0.140378548895899,0.1622340425531915,0.3274717169157208,0.0949918495877377,0.1818181818181818,0.25,0.2033031581749664,G1_low,,,,,,"complex if difficulty_group in {G3_medium_high, G4_high}",D3,False
D3_P2232,59,5.317685377847939,1,82.0,141.0,371,37.1,4,96,0.1,0.5,1500.0,2000.0,0.1590296495956873,0.0824468085106382,0.3417209253646616,0.1201992232757173,0.0909090909090909,0.0,0.1270552096120216,G1_low,,,,,,"complex if difficulty_group in {G3_medium_high, G4_high}",D3,False
D3_P1521,36,3.956710193526379,1,10.0,68.0,161,16.1,4,36,0.1,0.5,1500.0,2000.0,0.2236024844720497,0.0212765957446808,0.2108562163276211,0.2074708328724178,0.0909090909090909,0.0,0.1061025471707621,G1_low,,,,,,"complex if difficulty_group in {G3_medium_high, G4_high}",D3,False
